"build","ordinal","state","name_or_route","width","height","source_manifest","source_render_plan","mapping_status","target_route","disposition","evidence"
"build_01","4104","build-implementation","build_implementation_overview","1920","1080","build_01/BUILD_01_ARTIFACT_MANIFEST.md","build_01/render_plan.json","not_started","","",""
"build_01","4105","build-implementation","build_implementation_overview","1440","1000","build_01/BUILD_01_ARTIFACT_MANIFEST.md","build_01/render_plan.json","not_started","","",""
"build_01","4106","build-implementation","build_implementation_overview","1280","920","build_01/BUILD_01_ARTIFACT_MANIFEST.md","build_01/render_plan.json","not_started","","",""
"build_01","4107","build-implementation-drawer","build_implementation_detail_drawer","1280","920","build_01/BUILD_01_ARTIFACT_MANIFEST.md","build_01/render_plan.json","not_started","","",""
"build_01","4108","build-roadmap","build_roadmap","1920","1080","build_01/BUILD_01_ARTIFACT_MANIFEST.md","build_01/render_plan.json","not_started","","",""
"build_01","4109","build-phase-map","build_phase_map","1920","1080","build_01/BUILD_01_ARTIFACT_MANIFEST.md","build_01/render_plan.json","not_started","","",""
"build_01","4110","build-module-map","build_module_to_build_map","1920","1080","build_01/BUILD_01_ARTIFACT_MANIFEST.md","build_01/render_plan.json","not_started","","",""
"build_01","4111","build-dependency-graph","build_dependency_graph","1920","1080","build_01/BUILD_01_ARTIFACT_MANIFEST.md","build_01/render_plan.json","not_started","","",""
"build_01","4112","build-critical-path","build_critical_path","1920","1080","build_01/BUILD_01_ARTIFACT_MANIFEST.md","build_01/render_plan.json","not_started","","",""
"build_01","4113","build-architecture-code-map","build_architecture_to_code_map","1920","1080","build_01/BUILD_01_ARTIFACT_MANIFEST.md","build_01/render_plan.json","not_started","","",""
"build_01","4114","build-repository-topology","build_repository_topology","1920","1080","build_01/BUILD_01_ARTIFACT_MANIFEST.md","build_01/render_plan.json","not_started","","",""
"build_01","4115","build-package-boundaries","build_package_boundaries","1920","1080","build_01/BUILD_01_ARTIFACT_MANIFEST.md","build_01/render_plan.json","not_started","","",""
"build_01","4116","build-service-map","build_service_implementation_map","1920","1080","build_01/BUILD_01_ARTIFACT_MANIFEST.md","build_01/render_plan.json","not_started","","",""
"build_01","4117","build-database-domains","build_database_domain_plan","1920","1080","build_01/BUILD_01_ARTIFACT_MANIFEST.md","build_01/render_plan.json","not_started","","",""
"build_01","4118","build-schema-ownership","build_schema_ownership","1920","1080","build_01/BUILD_01_ARTIFACT_MANIFEST.md","build_01/render_plan.json","not_started","","",""
"build_01","4119","build-db-migrations","build_database_migration_strategy","1920","1080","build_01/BUILD_01_ARTIFACT_MANIFEST.md","build_01/render_plan.json","not_started","","",""
"build_01","4120","build-rls-plan","build_tenant_isolation_rls_plan","1920","1080","build_01/BUILD_01_ARTIFACT_MANIFEST.md","build_01/render_plan.json","not_started","","",""
"build_01","4121","build-auth-rbac","build_identity_rbac_plan","1920","1080","build_01/BUILD_01_ARTIFACT_MANIFEST.md","build_01/render_plan.json","not_started","","",""
"build_01","4122","build-audit-receipts","build_audit_receipts_plan","1920","1080","build_01/BUILD_01_ARTIFACT_MANIFEST.md","build_01/render_plan.json","not_started","","",""
"build_01","4123","build-secrets-config","build_secrets_config_boundary","1920","1080","build_01/BUILD_01_ARTIFACT_MANIFEST.md","build_01/render_plan.json","not_started","","",""
"build_01","4124","build-rules-workflow","build_rules_workflow_runtime","1920","1080","build_01/BUILD_01_ARTIFACT_MANIFEST.md","build_01/render_plan.json","not_started","","",""
"build_01","4125","build-api-contracts","build_api_contract_plan","1920","1080","build_01/BUILD_01_ARTIFACT_MANIFEST.md","build_01/render_plan.json","not_started","","",""
"build_01","4126","build-event-backbone","build_event_backbone_plan","1920","1080","build_01/BUILD_01_ARTIFACT_MANIFEST.md","build_01/render_plan.json","not_started","","",""
"build_01","4127","build-runtime-jobs","build_runtime_jobs_plan","1920","1080","build_01/BUILD_01_ARTIFACT_MANIFEST.md","build_01/render_plan.json","not_started","","",""
"build_01","4128","build-integration-adapters","build_integration_adapter_map","1920","1080","build_01/BUILD_01_ARTIFACT_MANIFEST.md","build_01/render_plan.json","not_started","","",""
"build_01","4129","build-fleetrocket-boundary","build_fleetrocket_boundary","1920","1080","build_01/BUILD_01_ARTIFACT_MANIFEST.md","build_01/render_plan.json","not_started","","",""
"build_01","4130","build-marksman-boundary","build_marksman_erp_boundary","1920","1080","build_01/BUILD_01_ARTIFACT_MANIFEST.md","build_01/render_plan.json","not_started","","",""
"build_01","4131","build-ui-route-map","build_ui_route_map","1920","1080","build_01/BUILD_01_ARTIFACT_MANIFEST.md","build_01/render_plan.json","not_started","","",""
"build_01","4132","build-design-system","build_design_system","1920","1080","build_01/BUILD_01_ARTIFACT_MANIFEST.md","build_01/render_plan.json","not_started","","",""
"build_01","4133","build-client-state","build_client_state","1920","1080","build_01/BUILD_01_ARTIFACT_MANIFEST.md","build_01/render_plan.json","not_started","","",""
"build_01","4134","build-search-retrieval","build_search_retrieval_boundary","1920","1080","build_01/BUILD_01_ARTIFACT_MANIFEST.md","build_01/render_plan.json","not_started","","",""
"build_01","4135","build-ai-boundary","build_ai_action_boundary","1920","1080","build_01/BUILD_01_ARTIFACT_MANIFEST.md","build_01/render_plan.json","not_started","","",""
"build_01","4136","build-observability","build_observability_baseline","1920","1080","build_01/BUILD_01_ARTIFACT_MANIFEST.md","build_01/render_plan.json","not_started","","",""
"build_01","4137","build-correlation","build_correlation_traceability","1920","1080","build_01/BUILD_01_ARTIFACT_MANIFEST.md","build_01/render_plan.json","not_started","","",""
"build_01","4138","build-security-baseline","build_security_baseline","1920","1080","build_01/BUILD_01_ARTIFACT_MANIFEST.md","build_01/render_plan.json","not_started","","",""
"build_01","4139","build-test-pyramid","build_test_pyramid","1920","1080","build_01/BUILD_01_ARTIFACT_MANIFEST.md","build_01/render_plan.json","not_started","","",""
"build_01","4140","build-contract-tests","build_contract_test_matrix","1920","1080","build_01/BUILD_01_ARTIFACT_MANIFEST.md","build_01/render_plan.json","not_started","","",""
"build_01","4141","build-e2e-journeys","build_e2e_journey_matrix","1920","1080","build_01/BUILD_01_ARTIFACT_MANIFEST.md","build_01/render_plan.json","not_started","","",""
"build_01","4142","build-ci-pipeline","build_ci_pipeline","1920","1080","build_01/BUILD_01_ARTIFACT_MANIFEST.md","build_01/render_plan.json","not_started","","",""
"build_01","4143","build-release-promotion","build_release_promotion","1920","1080","build_01/BUILD_01_ARTIFACT_MANIFEST.md","build_01/render_plan.json","not_started","","",""
"build_01","4144","build-environment-topology","build_environment_topology","1920","1080","build_01/BUILD_01_ARTIFACT_MANIFEST.md","build_01/render_plan.json","not_started","","",""
"build_01","4145","build-feature-rollout","build_feature_rollout","1920","1080","build_01/BUILD_01_ARTIFACT_MANIFEST.md","build_01/render_plan.json","not_started","","",""
"build_01","4146","build-backfill-plan","build_migration_backfill_plan","1920","1080","build_01/BUILD_01_ARTIFACT_MANIFEST.md","build_01/render_plan.json","not_started","","",""
"build_01","4147","build-demo-data","build_demo_data_strategy","1920","1080","build_01/BUILD_01_ARTIFACT_MANIFEST.md","build_01/render_plan.json","not_started","","",""
"build_01","4148","build-ownership-raci","build_ownership_raci","1920","1080","build_01/BUILD_01_ARTIFACT_MANIFEST.md","build_01/render_plan.json","not_started","","",""
"build_01","4149","build-backlog","build_implementation_backlog","1920","1080","build_01/BUILD_01_ARTIFACT_MANIFEST.md","build_01/render_plan.json","not_started","","",""
"build_01","4150","build-priority-tiers","build_priority_tiers","1920","1080","build_01/BUILD_01_ARTIFACT_MANIFEST.md","build_01/render_plan.json","not_started","","",""
"build_01","4151","build-complexity-sizing","build_complexity_sizing","1920","1080","build_01/BUILD_01_ARTIFACT_MANIFEST.md","build_01/render_plan.json","not_started","","",""
"build_01","4152","build-dependency-board","build_dependency_board","1920","1080","build_01/BUILD_01_ARTIFACT_MANIFEST.md","build_01/render_plan.json","not_started","","",""
"build_01","4153","build-acceptance-gates","build_acceptance_gates","1920","1080","build_01/BUILD_01_ARTIFACT_MANIFEST.md","build_01/render_plan.json","not_started","","",""
"build_01","4154","build02-handoff","build02_readiness_handoff","1920","1080","build_01/BUILD_01_ARTIFACT_MANIFEST.md","build_01/render_plan.json","not_started","","",""
"build_01","4155","build-implementation-gaps","build_implementation_gaps","1920","1080","build_01/BUILD_01_ARTIFACT_MANIFEST.md","build_01/render_plan.json","not_started","","",""
"build_01","4156","build-adr-rfc-handoff","build_adr_rfc_handoff","1920","1080","build_01/BUILD_01_ARTIFACT_MANIFEST.md","build_01/render_plan.json","not_started","","",""
"build_01","4157","build-third-party-deps","build_third_party_dependencies","1920","1080","build_01/BUILD_01_ARTIFACT_MANIFEST.md","build_01/render_plan.json","not_started","","",""
"build_01","4158","build-provider-readiness","build_provider_readiness","1920","1080","build_01/BUILD_01_ARTIFACT_MANIFEST.md","build_01/render_plan.json","not_started","","",""
"build_01","4159","build-no-prod-claims","build_no_production_claims_boundary","1920","1080","build_01/BUILD_01_ARTIFACT_MANIFEST.md","build_01/render_plan.json","not_started","","",""
"build_01","4160","build-cross-tenant","build_cross_tenant_hard_block","1920","1080","build_01/BUILD_01_ARTIFACT_MANIFEST.md","build_01/render_plan.json","not_started","","",""
"build_01","4161","build-simulator","build_dependency_simulator","1920","1080","build_01/BUILD_01_ARTIFACT_MANIFEST.md","build_01/render_plan.json","not_started","","",""
"build_01","4162","build-ai-assist","build_ai_assist","1920","1080","build_01/BUILD_01_ARTIFACT_MANIFEST.md","build_01/render_plan.json","not_started","","",""
"build_01","4163","build-reference-architecture","build_reference_architecture","1920","1080","build_01/BUILD_01_ARTIFACT_MANIFEST.md","build_01/render_plan.json","not_started","","",""
"build_01","4164","build-wireframe-icons","build_wireframe_iconography","1920","1080","build_01/BUILD_01_ARTIFACT_MANIFEST.md","build_01/render_plan.json","not_started","","",""
"build_02","4201","foundation-overview","foundation_overview","1920","1080","build_02/BUILD_02_ARTIFACT_MANIFEST.md","build_02/BUILD_02_RENDER_PLAN.json","not_started","","",""
"build_02","4202","foundation-tenant-registry","tenant_registry","1920","1080","build_02/BUILD_02_ARTIFACT_MANIFEST.md","build_02/BUILD_02_RENDER_PLAN.json","not_started","","",""
"build_02","4203","foundation-environment-registry","environment_registry","1920","1080","build_02/BUILD_02_ARTIFACT_MANIFEST.md","build_02/BUILD_02_RENDER_PLAN.json","not_started","","",""
"build_02","4204","foundation-organization-profile","organization_profile","1920","1080","build_02/BUILD_02_ARTIFACT_MANIFEST.md","build_02/BUILD_02_RENDER_PLAN.json","not_started","","",""
"build_02","4205","foundation-identity-directory","identity_directory","1920","1080","build_02/BUILD_02_ARTIFACT_MANIFEST.md","build_02/BUILD_02_RENDER_PLAN.json","not_started","","",""
"build_02","4206","foundation-authentication","authentication","1920","1080","build_02/BUILD_02_ARTIFACT_MANIFEST.md","build_02/BUILD_02_RENDER_PLAN.json","not_started","","",""
"build_02","4207","foundation-users-memberships","users_memberships","1920","1080","build_02/BUILD_02_ARTIFACT_MANIFEST.md","build_02/BUILD_02_RENDER_PLAN.json","not_started","","",""
"build_02","4208","foundation-roles-permissions","roles_permissions","1920","1080","build_02/BUILD_02_ARTIFACT_MANIFEST.md","build_02/BUILD_02_RENDER_PLAN.json","not_started","","",""
"build_02","4209","foundation-service-accounts","service_accounts","1920","1080","build_02/BUILD_02_ARTIFACT_MANIFEST.md","build_02/BUILD_02_RENDER_PLAN.json","not_started","","",""
"build_02","4210","foundation-entitlements","plans_entitlements","1920","1080","build_02/BUILD_02_ARTIFACT_MANIFEST.md","build_02/BUILD_02_RENDER_PLAN.json","not_started","","",""
"build_02","4211","foundation-feature-flags","feature_flags","1920","1080","build_02/BUILD_02_ARTIFACT_MANIFEST.md","build_02/BUILD_02_RENDER_PLAN.json","not_started","","",""
"build_02","4212","foundation-configuration","configuration_registry","1920","1080","build_02/BUILD_02_ARTIFACT_MANIFEST.md","build_02/BUILD_02_RENDER_PLAN.json","not_started","","",""
"build_02","4213","foundation-secrets-boundary","secrets_boundary","1920","1080","build_02/BUILD_02_ARTIFACT_MANIFEST.md","build_02/BUILD_02_RENDER_PLAN.json","not_started","","",""
"build_02","4214","foundation-audit-ledger","audit_receipts","1920","1080","build_02/BUILD_02_ARTIFACT_MANIFEST.md","build_02/BUILD_02_RENDER_PLAN.json","not_started","","",""
"build_02","4215","foundation-outbox-events","event_outbox","1920","1080","build_02/BUILD_02_ARTIFACT_MANIFEST.md","build_02/BUILD_02_RENDER_PLAN.json","not_started","","",""
"build_02","4216","foundation-job-runtime","foundation_jobs","1920","1080","build_02/BUILD_02_ARTIFACT_MANIFEST.md","build_02/BUILD_02_RENDER_PLAN.json","not_started","","",""
"build_02","4217","foundation-api-foundation","api_foundation","1920","1080","build_02/BUILD_02_ARTIFACT_MANIFEST.md","build_02/BUILD_02_RENDER_PLAN.json","not_started","","",""
"build_02","4218","foundation-observability","observability_baseline","1920","1080","build_02/BUILD_02_ARTIFACT_MANIFEST.md","build_02/BUILD_02_RENDER_PLAN.json","not_started","","",""
"build_02","4219","foundation-design-system","application_shell_design_system","1920","1080","build_02/BUILD_02_ARTIFACT_MANIFEST.md","build_02/BUILD_02_RENDER_PLAN.json","not_started","","",""
"build_02","4220","foundation-security-isolation","security_tenant_isolation","1920","1080","build_02/BUILD_02_ARTIFACT_MANIFEST.md","build_02/BUILD_02_RENDER_PLAN.json","not_started","","",""
"build_02","4221","tenant-360","tenant_360","1920","1080","build_02/BUILD_02_ARTIFACT_MANIFEST.md","build_02/BUILD_02_RENDER_PLAN.json","not_started","","",""
"build_02","4222","new-tenant-review","new_tenant_review","1920","1080","build_02/BUILD_02_ARTIFACT_MANIFEST.md","build_02/BUILD_02_RENDER_PLAN.json","not_started","","",""
"build_02","4223","membership-review","membership_review","1920","1080","build_02/BUILD_02_ARTIFACT_MANIFEST.md","build_02/BUILD_02_RENDER_PLAN.json","not_started","","",""
"build_02","4224","permission-simulator","permission_simulator","1920","1080","build_02/BUILD_02_ARTIFACT_MANIFEST.md","build_02/BUILD_02_RENDER_PLAN.json","not_started","","",""
"build_02","4225","entitlement-simulator","entitlement_simulator","1920","1080","build_02/BUILD_02_ARTIFACT_MANIFEST.md","build_02/BUILD_02_RENDER_PLAN.json","not_started","","",""
"build_02","4226","flag-rollout-review","flag_rollout_review","1920","1080","build_02/BUILD_02_ARTIFACT_MANIFEST.md","build_02/BUILD_02_RENDER_PLAN.json","not_started","","",""
"build_02","4227","audit-receipt","immutable_receipt","1920","1080","build_02/BUILD_02_ARTIFACT_MANIFEST.md","build_02/BUILD_02_RENDER_PLAN.json","not_started","","",""
"build_02","4228","event-delivery","event_delivery","1920","1080","build_02/BUILD_02_ARTIFACT_MANIFEST.md","build_02/BUILD_02_RENDER_PLAN.json","not_started","","",""
"build_02","4229","job-execution","job_execution","1920","1080","build_02/BUILD_02_ARTIFACT_MANIFEST.md","build_02/BUILD_02_RENDER_PLAN.json","not_started","","",""
"build_02","4230","api-contracts","api_contracts","1920","1080","build_02/BUILD_02_ARTIFACT_MANIFEST.md","build_02/BUILD_02_RENDER_PLAN.json","not_started","","",""
"build_02","4231","rls-matrix","rls_isolation_matrix","1920","1080","build_02/BUILD_02_ARTIFACT_MANIFEST.md","build_02/BUILD_02_RENDER_PLAN.json","not_started","","",""
"build_02","4232","cross-tenant-block","cross_tenant_hard_block","1920","1080","build_02/BUILD_02_ARTIFACT_MANIFEST.md","build_02/BUILD_02_RENDER_PLAN.json","not_started","","",""
"build_02","4233","responsive-1440","responsive_1440","1920","1080","build_02/BUILD_02_ARTIFACT_MANIFEST.md","build_02/BUILD_02_RENDER_PLAN.json","not_started","","",""
"build_02","4234","responsive-1280","responsive_1280","1920","1080","build_02/BUILD_02_ARTIFACT_MANIFEST.md","build_02/BUILD_02_RENDER_PLAN.json","not_started","","",""
"build_02","4235","mobile-boundary","mobile_boundary","1440","1080","build_02/BUILD_02_ARTIFACT_MANIFEST.md","build_02/BUILD_02_RENDER_PLAN.json","not_started","","",""
"build_02","4236","migration-plan","migration_plan","1280","1080","build_02/BUILD_02_ARTIFACT_MANIFEST.md","build_02/BUILD_02_RENDER_PLAN.json","not_started","","",""
"build_02","4237","rollback-plan","rollback_plan","1920","1080","build_02/BUILD_02_ARTIFACT_MANIFEST.md","build_02/BUILD_02_RENDER_PLAN.json","not_started","","",""
"build_02","4238","test-evidence","test_evidence","1920","1080","build_02/BUILD_02_ARTIFACT_MANIFEST.md","build_02/BUILD_02_RENDER_PLAN.json","not_started","","",""
"build_02","4239","acceptance-gates","acceptance_gates","1920","1080","build_02/BUILD_02_ARTIFACT_MANIFEST.md","build_02/BUILD_02_RENDER_PLAN.json","not_started","","",""
"build_02","4240","build03-handoff","build_03_handoff","1920","1080","build_02/BUILD_02_ARTIFACT_MANIFEST.md","build_02/BUILD_02_RENDER_PLAN.json","not_started","","",""
"build_02","4241","contract-44","foundation_contract_44","1920","1080","build_02/BUILD_02_ARTIFACT_MANIFEST.md","build_02/BUILD_02_RENDER_PLAN.json","not_started","","",""
"build_02","4242","contract-45","foundation_contract_45","1920","1080","build_02/BUILD_02_ARTIFACT_MANIFEST.md","build_02/BUILD_02_RENDER_PLAN.json","not_started","","",""
"build_02","4243","contract-46","foundation_contract_46","1920","1080","build_02/BUILD_02_ARTIFACT_MANIFEST.md","build_02/BUILD_02_RENDER_PLAN.json","not_started","","",""
"build_02","4244","contract-47","foundation_contract_47","1920","1080","build_02/BUILD_02_ARTIFACT_MANIFEST.md","build_02/BUILD_02_RENDER_PLAN.json","not_started","","",""
"build_02","4245","contract-48","foundation_contract_48","1920","1080","build_02/BUILD_02_ARTIFACT_MANIFEST.md","build_02/BUILD_02_RENDER_PLAN.json","not_started","","",""
"build_02","4246","contract-49","foundation_contract_49","1920","1080","build_02/BUILD_02_ARTIFACT_MANIFEST.md","build_02/BUILD_02_RENDER_PLAN.json","not_started","","",""
"build_02","4247","contract-50","foundation_contract_50","1920","1080","build_02/BUILD_02_ARTIFACT_MANIFEST.md","build_02/BUILD_02_RENDER_PLAN.json","not_started","","",""
"build_02","4248","contract-51","foundation_contract_51","1920","1080","build_02/BUILD_02_ARTIFACT_MANIFEST.md","build_02/BUILD_02_RENDER_PLAN.json","not_started","","",""
"build_02","4249","contract-52","foundation_contract_52","1920","1080","build_02/BUILD_02_ARTIFACT_MANIFEST.md","build_02/BUILD_02_RENDER_PLAN.json","not_started","","",""
"build_02","4250","contract-53","foundation_contract_53","1920","1080","build_02/BUILD_02_ARTIFACT_MANIFEST.md","build_02/BUILD_02_RENDER_PLAN.json","not_started","","",""
"build_02","4251","contract-54","foundation_contract_54","1920","1080","build_02/BUILD_02_ARTIFACT_MANIFEST.md","build_02/BUILD_02_RENDER_PLAN.json","not_started","","",""
"build_02","4252","contract-55","foundation_contract_55","1920","1080","build_02/BUILD_02_ARTIFACT_MANIFEST.md","build_02/BUILD_02_RENDER_PLAN.json","not_started","","",""
"build_02","4253","contract-56","foundation_contract_56","1920","1080","build_02/BUILD_02_ARTIFACT_MANIFEST.md","build_02/BUILD_02_RENDER_PLAN.json","not_started","","",""
"build_02","4254","contract-57","foundation_contract_57","1920","1080","build_02/BUILD_02_ARTIFACT_MANIFEST.md","build_02/BUILD_02_RENDER_PLAN.json","not_started","","",""
"build_02","4255","contract-58","foundation_contract_58","1920","1080","build_02/BUILD_02_ARTIFACT_MANIFEST.md","build_02/BUILD_02_RENDER_PLAN.json","not_started","","",""
"build_02","4256","contract-59","foundation_contract_59","1920","1080","build_02/BUILD_02_ARTIFACT_MANIFEST.md","build_02/BUILD_02_RENDER_PLAN.json","not_started","","",""
"build_02","4257","contract-60","foundation_contract_60","1920","1080","build_02/BUILD_02_ARTIFACT_MANIFEST.md","build_02/BUILD_02_RENDER_PLAN.json","not_started","","",""
"build_02","4258","contract-61","foundation_contract_61","1920","1080","build_02/BUILD_02_ARTIFACT_MANIFEST.md","build_02/BUILD_02_RENDER_PLAN.json","not_started","","",""
"build_02","4259","architecture","reference_architecture","1920","1080","build_02/BUILD_02_ARTIFACT_MANIFEST.md","build_02/BUILD_02_RENDER_PLAN.json","not_started","","",""
"build_02","4260","wireframes","wireframes","1920","1080","build_02/BUILD_02_ARTIFACT_MANIFEST.md","build_02/BUILD_02_RENDER_PLAN.json","not_started","","",""
"build_02","4261","iconography","iconography","1920","1080","build_02/BUILD_02_ARTIFACT_MANIFEST.md","build_02/BUILD_02_RENDER_PLAN.json","not_started","","",""
"build_03","4301","overview","core_domain_overview","1440","1080","build_03/BUILD_03_ARTIFACT_MANIFEST.md","build_03/BUILD_03_RENDER_PLAN.json","not_started","","",""
"build_03","4302","business-parties","business_parties","1920","1080","build_03/BUILD_03_ARTIFACT_MANIFEST.md","build_03/BUILD_03_RENDER_PLAN.json","not_started","","",""
"build_03","4303","legal-entities","legal_business_entities","1920","1080","build_03/BUILD_03_ARTIFACT_MANIFEST.md","build_03/BUILD_03_RENDER_PLAN.json","not_started","","",""
"build_03","4304","contacts","contacts","1920","1080","build_03/BUILD_03_ARTIFACT_MANIFEST.md","build_03/BUILD_03_RENDER_PLAN.json","not_started","","",""
"build_03","4305","locations","locations","1920","1080","build_03/BUILD_03_ARTIFACT_MANIFEST.md","build_03/BUILD_03_RENDER_PLAN.json","not_started","","",""
"build_03","4306","lanes","lanes","1920","1080","build_03/BUILD_03_ARTIFACT_MANIFEST.md","build_03/BUILD_03_RENDER_PLAN.json","not_started","","",""
"build_03","4307","equipment","equipment","1920","1080","build_03/BUILD_03_ARTIFACT_MANIFEST.md","build_03/BUILD_03_RENDER_PLAN.json","not_started","","",""
"build_03","4308","canonical-identity","canonical_ids_aliases","1920","1080","build_03/BUILD_03_ARTIFACT_MANIFEST.md","build_03/BUILD_03_RENDER_PLAN.json","not_started","","",""
"build_03","4309","entity-resolution","entity_resolution","1920","1080","build_03/BUILD_03_ARTIFACT_MANIFEST.md","build_03/BUILD_03_RENDER_PLAN.json","not_started","","",""
"build_03","4310","provenance","master_data_provenance","1920","1080","build_03/BUILD_03_ARTIFACT_MANIFEST.md","build_03/BUILD_03_RENDER_PLAN.json","not_started","","",""
"build_03","4311","merge-governance","merge_survivorship","1920","1080","build_03/BUILD_03_ARTIFACT_MANIFEST.md","build_03/BUILD_03_RENDER_PLAN.json","not_started","","",""
"build_03","4312","quality","data_quality","1920","1080","build_03/BUILD_03_ARTIFACT_MANIFEST.md","build_03/BUILD_03_RENDER_PLAN.json","not_started","","",""
"build_03","4313","import-export","import_export","1920","1080","build_03/BUILD_03_ARTIFACT_MANIFEST.md","build_03/BUILD_03_RENDER_PLAN.json","not_started","","",""
"build_03","4314","search","master_search","1920","1080","build_03/BUILD_03_ARTIFACT_MANIFEST.md","build_03/BUILD_03_RENDER_PLAN.json","not_started","","",""
"build_03","4315","reference-data","reference_data","1920","1080","build_03/BUILD_03_ARTIFACT_MANIFEST.md","build_03/BUILD_03_RENDER_PLAN.json","not_started","","",""
"build_03","4316","party-list","party_directory","1920","1080","build_03/BUILD_03_ARTIFACT_MANIFEST.md","build_03/BUILD_03_RENDER_PLAN.json","not_started","","",""
"build_03","4317","party-360","party_360","1920","1080","build_03/BUILD_03_ARTIFACT_MANIFEST.md","build_03/BUILD_03_RENDER_PLAN.json","not_started","","",""
"build_03","4318","party-create","create_business_party","1920","1080","build_03/BUILD_03_ARTIFACT_MANIFEST.md","build_03/BUILD_03_RENDER_PLAN.json","not_started","","",""
"build_03","4319","legal-hierarchy","legal_hierarchy","1920","1080","build_03/BUILD_03_ARTIFACT_MANIFEST.md","build_03/BUILD_03_RENDER_PLAN.json","not_started","","",""
"build_03","4320","contact-directory","contact_directory","1920","1080","build_03/BUILD_03_ARTIFACT_MANIFEST.md","build_03/BUILD_03_RENDER_PLAN.json","not_started","","",""
"build_03","4321","location-list","location_directory","1920","1080","build_03/BUILD_03_ARTIFACT_MANIFEST.md","build_03/BUILD_03_RENDER_PLAN.json","not_started","","",""
"build_03","4322","location-360","location_360","1920","1080","build_03/BUILD_03_ARTIFACT_MANIFEST.md","build_03/BUILD_03_RENDER_PLAN.json","not_started","","",""
"build_03","4323","lane-list","lane_directory","1920","1080","build_03/BUILD_03_ARTIFACT_MANIFEST.md","build_03/BUILD_03_RENDER_PLAN.json","not_started","","",""
"build_03","4324","lane-360","lane_360","1920","1080","build_03/BUILD_03_ARTIFACT_MANIFEST.md","build_03/BUILD_03_RENDER_PLAN.json","not_started","","",""
"build_03","4325","equipment-catalog","equipment_catalog","1920","1080","build_03/BUILD_03_ARTIFACT_MANIFEST.md","build_03/BUILD_03_RENDER_PLAN.json","not_started","","",""
"build_03","4326","alias-registry","alias_registry","1920","1080","build_03/BUILD_03_ARTIFACT_MANIFEST.md","build_03/BUILD_03_RENDER_PLAN.json","not_started","","",""
"build_03","4327","source-registry","source_registry","1920","1080","build_03/BUILD_03_ARTIFACT_MANIFEST.md","build_03/BUILD_03_RENDER_PLAN.json","not_started","","",""
"build_03","4328","resolution-queue","resolution_queue","1920","1080","build_03/BUILD_03_ARTIFACT_MANIFEST.md","build_03/BUILD_03_RENDER_PLAN.json","not_started","","",""
"build_03","4329","match-review","match_review","1920","1080","build_03/BUILD_03_ARTIFACT_MANIFEST.md","build_03/BUILD_03_RENDER_PLAN.json","not_started","","",""
"build_03","4330","merge-preview","merge_preview","1920","1080","build_03/BUILD_03_ARTIFACT_MANIFEST.md","build_03/BUILD_03_RENDER_PLAN.json","not_started","","",""
"build_03","4331","merge-receipt","merge_receipt","1920","1080","build_03/BUILD_03_ARTIFACT_MANIFEST.md","build_03/BUILD_03_RENDER_PLAN.json","not_started","","",""
"build_03","4332","split-review","split_review","1920","1080","build_03/BUILD_03_ARTIFACT_MANIFEST.md","build_03/BUILD_03_RENDER_PLAN.json","not_started","","",""
"build_03","4333","provenance-inspector","provenance_inspector","1920","1080","build_03/BUILD_03_ARTIFACT_MANIFEST.md","build_03/BUILD_03_RENDER_PLAN.json","not_started","","",""
"build_03","4334","quality-dashboard","quality_dashboard","1920","1080","build_03/BUILD_03_ARTIFACT_MANIFEST.md","build_03/BUILD_03_RENDER_PLAN.json","not_started","","",""
"build_03","4335","quality-queue","quality_queue","1920","1080","build_03/BUILD_03_ARTIFACT_MANIFEST.md","build_03/BUILD_03_RENDER_PLAN.json","not_started","","",""
"build_03","4336","import-mapping","import_mapping","1920","1080","build_03/BUILD_03_ARTIFACT_MANIFEST.md","build_03/BUILD_03_RENDER_PLAN.json","not_started","","",""
"build_03","4337","import-dry-run","import_dry_run","1920","1080","build_03/BUILD_03_ARTIFACT_MANIFEST.md","build_03/BUILD_03_RENDER_PLAN.json","not_started","","",""
"build_03","4338","import-results","import_results","1920","1080","build_03/BUILD_03_ARTIFACT_MANIFEST.md","build_03/BUILD_03_RENDER_PLAN.json","not_started","","",""
"build_03","4339","master-search","master_search","1920","1080","build_03/BUILD_03_ARTIFACT_MANIFEST.md","build_03/BUILD_03_RENDER_PLAN.json","not_started","","",""
"build_03","4340","cross-tenant-block","cross_tenant_hard_block","1920","1080","build_03/BUILD_03_ARTIFACT_MANIFEST.md","build_03/BUILD_03_RENDER_PLAN.json","not_started","","",""
"build_03","4341","api-contracts","api_contracts","1920","1080","build_03/BUILD_03_ARTIFACT_MANIFEST.md","build_03/BUILD_03_RENDER_PLAN.json","not_started","","",""
"build_03","4342","event-contracts","event_contracts","1920","1080","build_03/BUILD_03_ARTIFACT_MANIFEST.md","build_03/BUILD_03_RENDER_PLAN.json","not_started","","",""
"build_03","4343","migration-plan","migration_plan","1920","1080","build_03/BUILD_03_ARTIFACT_MANIFEST.md","build_03/BUILD_03_RENDER_PLAN.json","not_started","","",""
"build_03","4344","rollback-plan","rollback_plan","1920","1080","build_03/BUILD_03_ARTIFACT_MANIFEST.md","build_03/BUILD_03_RENDER_PLAN.json","not_started","","",""
"build_03","4345","test-evidence","test_evidence","1920","1080","build_03/BUILD_03_ARTIFACT_MANIFEST.md","build_03/BUILD_03_RENDER_PLAN.json","not_started","","",""
"build_03","4346","acceptance-gates","acceptance_gates","1920","1080","build_03/BUILD_03_ARTIFACT_MANIFEST.md","build_03/BUILD_03_RENDER_PLAN.json","not_started","","",""
"build_03","4347","build04-handoff","build_04_handoff","1920","1080","build_03/BUILD_03_ARTIFACT_MANIFEST.md","build_03/BUILD_03_RENDER_PLAN.json","not_started","","",""
"build_03","4348","contract-51","domain_contract_51","1920","1080","build_03/BUILD_03_ARTIFACT_MANIFEST.md","build_03/BUILD_03_RENDER_PLAN.json","not_started","","",""
"build_03","4349","contract-52","domain_contract_52","1920","1080","build_03/BUILD_03_ARTIFACT_MANIFEST.md","build_03/BUILD_03_RENDER_PLAN.json","not_started","","",""
"build_03","4350","contract-53","domain_contract_53","1920","1080","build_03/BUILD_03_ARTIFACT_MANIFEST.md","build_03/BUILD_03_RENDER_PLAN.json","not_started","","",""
"build_03","4351","contract-54","domain_contract_54","1920","1080","build_03/BUILD_03_ARTIFACT_MANIFEST.md","build_03/BUILD_03_RENDER_PLAN.json","not_started","","",""
"build_03","4352","contract-55","domain_contract_55","1920","1080","build_03/BUILD_03_ARTIFACT_MANIFEST.md","build_03/BUILD_03_RENDER_PLAN.json","not_started","","",""
"build_03","4353","contract-56","domain_contract_56","1920","1080","build_03/BUILD_03_ARTIFACT_MANIFEST.md","build_03/BUILD_03_RENDER_PLAN.json","not_started","","",""
"build_03","4354","contract-57","domain_contract_57","1920","1080","build_03/BUILD_03_ARTIFACT_MANIFEST.md","build_03/BUILD_03_RENDER_PLAN.json","not_started","","",""
"build_03","4355","contract-58","domain_contract_58","1920","1080","build_03/BUILD_03_ARTIFACT_MANIFEST.md","build_03/BUILD_03_RENDER_PLAN.json","not_started","","",""
"build_03","4356","contract-59","domain_contract_59","1920","1080","build_03/BUILD_03_ARTIFACT_MANIFEST.md","build_03/BUILD_03_RENDER_PLAN.json","not_started","","",""
"build_03","4357","contract-60","domain_contract_60","1920","1080","build_03/BUILD_03_ARTIFACT_MANIFEST.md","build_03/BUILD_03_RENDER_PLAN.json","not_started","","",""
"build_03","4358","contract-61","domain_contract_61","1920","1080","build_03/BUILD_03_ARTIFACT_MANIFEST.md","build_03/BUILD_03_RENDER_PLAN.json","not_started","","",""
"build_03","4359","contract-62","domain_contract_62","1920","1080","build_03/BUILD_03_ARTIFACT_MANIFEST.md","build_03/BUILD_03_RENDER_PLAN.json","not_started","","",""
"build_03","4360","contract-63","domain_contract_63","1920","1080","build_03/BUILD_03_ARTIFACT_MANIFEST.md","build_03/BUILD_03_RENDER_PLAN.json","not_started","","",""
"build_03","4361","contract-64","domain_contract_64","1920","1080","build_03/BUILD_03_ARTIFACT_MANIFEST.md","build_03/BUILD_03_RENDER_PLAN.json","not_started","","",""
"build_03","4362","contract-65","domain_contract_65","1920","1080","build_03/BUILD_03_ARTIFACT_MANIFEST.md","build_03/BUILD_03_RENDER_PLAN.json","not_started","","",""
"build_03","4363","contract-66","domain_contract_66","1920","1080","build_03/BUILD_03_ARTIFACT_MANIFEST.md","build_03/BUILD_03_RENDER_PLAN.json","not_started","","",""
"build_03","4364","contract-67","domain_contract_67","1920","1080","build_03/BUILD_03_ARTIFACT_MANIFEST.md","build_03/BUILD_03_RENDER_PLAN.json","not_started","","",""
"build_03","4365","contract-68","domain_contract_68","1920","1080","build_03/BUILD_03_ARTIFACT_MANIFEST.md","build_03/BUILD_03_RENDER_PLAN.json","not_started","","",""
"build_03","4366","architecture","reference_architecture","1920","1080","build_03/BUILD_03_ARTIFACT_MANIFEST.md","build_03/BUILD_03_RENDER_PLAN.json","not_started","","",""
"build_03","4367","wireframes","wireframes","1920","1080","build_03/BUILD_03_ARTIFACT_MANIFEST.md","build_03/BUILD_03_RENDER_PLAN.json","not_started","","",""
"build_03","4368","iconography","iconography","1920","1080","build_03/BUILD_03_ARTIFACT_MANIFEST.md","build_03/BUILD_03_RENDER_PLAN.json","not_started","","",""
"build_04","4401","overview","commercial_command_center","1440","1080","build_04/BUILD_04_ARTIFACT_MANIFEST.md","build_04/BUILD_04_RENDER_PLAN.json","not_started","","",""
"build_04","4402","insights","commercial_intelligence","1920","1080","build_04/BUILD_04_ARTIFACT_MANIFEST.md","build_04/BUILD_04_RENDER_PLAN.json","not_started","","",""
"build_04","4403","handoff","commercial_handoff","1920","1080","build_04/BUILD_04_ARTIFACT_MANIFEST.md","build_04/BUILD_04_RENDER_PLAN.json","not_started","","",""
"build_04","4404","consent","consent_preferences","1920","1080","build_04/BUILD_04_ARTIFACT_MANIFEST.md","build_04/BUILD_04_RENDER_PLAN.json","not_started","","",""
"build_04","4405","campaigns","campaign_attribution","1920","1080","build_04/BUILD_04_ARTIFACT_MANIFEST.md","build_04/BUILD_04_RENDER_PLAN.json","not_started","","",""
"build_04","4406","scoring","scoring_ai_assist","1920","1080","build_04/BUILD_04_ARTIFACT_MANIFEST.md","build_04/BUILD_04_RENDER_PLAN.json","not_started","","",""
"build_04","4407","negotiation","negotiation_room","1920","1080","build_04/BUILD_04_ARTIFACT_MANIFEST.md","build_04/BUILD_04_RENDER_PLAN.json","not_started","","",""
"build_04","4408","proposals","proposals_offers","1920","1080","build_04/BUILD_04_ARTIFACT_MANIFEST.md","build_04/BUILD_04_RENDER_PLAN.json","not_started","","",""
"build_04","4409","rfq","rfq_workspace","1920","1080","build_04/BUILD_04_ARTIFACT_MANIFEST.md","build_04/BUILD_04_RENDER_PLAN.json","not_started","","",""
"build_04","4410","activities","activities_tasks","1920","1080","build_04/BUILD_04_ARTIFACT_MANIFEST.md","build_04/BUILD_04_RENDER_PLAN.json","not_started","","",""
"build_04","4411","opportunities","opportunities","1920","1080","build_04/BUILD_04_ARTIFACT_MANIFEST.md","build_04/BUILD_04_RENDER_PLAN.json","not_started","","",""
"build_04","4412","pipeline","pipeline_governance","1920","1080","build_04/BUILD_04_ARTIFACT_MANIFEST.md","build_04/BUILD_04_RENDER_PLAN.json","not_started","","",""
"build_04","4413","contacts","buying_committees","1920","1080","build_04/BUILD_04_ARTIFACT_MANIFEST.md","build_04/BUILD_04_RENDER_PLAN.json","not_started","","",""
"build_04","4414","leads","lead_intake_qualification","1920","1080","build_04/BUILD_04_ARTIFACT_MANIFEST.md","build_04/BUILD_04_RENDER_PLAN.json","not_started","","",""
"build_04","4415","accounts","commercial_accounts","1920","1080","build_04/BUILD_04_ARTIFACT_MANIFEST.md","build_04/BUILD_04_RENDER_PLAN.json","not_started","","",""
"build_04","4416","account-list","account_directory","1920","1080","build_04/BUILD_04_ARTIFACT_MANIFEST.md","build_04/BUILD_04_RENDER_PLAN.json","not_started","","",""
"build_04","4417","account-360","account_360","1920","1080","build_04/BUILD_04_ARTIFACT_MANIFEST.md","build_04/BUILD_04_RENDER_PLAN.json","not_started","","",""
"build_04","4418","lead-inbox","lead_inbox","1920","1080","build_04/BUILD_04_ARTIFACT_MANIFEST.md","build_04/BUILD_04_RENDER_PLAN.json","not_started","","",""
"build_04","4419","lead-qualification","lead_qualification","1920","1080","build_04/BUILD_04_ARTIFACT_MANIFEST.md","build_04/BUILD_04_RENDER_PLAN.json","not_started","","",""
"build_04","4420","buying-committee","buying_committee","1920","1080","build_04/BUILD_04_ARTIFACT_MANIFEST.md","build_04/BUILD_04_RENDER_PLAN.json","not_started","","",""
"build_04","4421","pipeline-board","pipeline_board","1920","1080","build_04/BUILD_04_ARTIFACT_MANIFEST.md","build_04/BUILD_04_RENDER_PLAN.json","not_started","","",""
"build_04","4422","pipeline-config","pipeline_configuration","1920","1080","build_04/BUILD_04_ARTIFACT_MANIFEST.md","build_04/BUILD_04_RENDER_PLAN.json","not_started","","",""
"build_04","4423","opportunity-list","opportunity_list","1920","1080","build_04/BUILD_04_ARTIFACT_MANIFEST.md","build_04/BUILD_04_RENDER_PLAN.json","not_started","","",""
"build_04","4424","opportunity-360","opportunity_360","1920","1080","build_04/BUILD_04_ARTIFACT_MANIFEST.md","build_04/BUILD_04_RENDER_PLAN.json","not_started","","",""
"build_04","4425","opportunity-lanes","opportunity_lanes","1920","1080","build_04/BUILD_04_ARTIFACT_MANIFEST.md","build_04/BUILD_04_RENDER_PLAN.json","not_started","","",""
"build_04","4426","activity-timeline","activity_timeline","1920","1080","build_04/BUILD_04_ARTIFACT_MANIFEST.md","build_04/BUILD_04_RENDER_PLAN.json","not_started","","",""
"build_04","4427","task-queue","commercial_task_queue","1920","1080","build_04/BUILD_04_ARTIFACT_MANIFEST.md","build_04/BUILD_04_RENDER_PLAN.json","not_started","","",""
"build_04","4428","sla-alerts","sla_alerts","1920","1080","build_04/BUILD_04_ARTIFACT_MANIFEST.md","build_04/BUILD_04_RENDER_PLAN.json","not_started","","",""
"build_04","4429","rfq-list","rfq_workspace","1920","1080","build_04/BUILD_04_ARTIFACT_MANIFEST.md","build_04/BUILD_04_RENDER_PLAN.json","not_started","","",""
"build_04","4430","rfq-builder","rfq_builder","1920","1080","build_04/BUILD_04_ARTIFACT_MANIFEST.md","build_04/BUILD_04_RENDER_PLAN.json","not_started","","",""
"build_04","4431","rfq-revisions","rfq_revisions","1920","1080","build_04/BUILD_04_ARTIFACT_MANIFEST.md","build_04/BUILD_04_RENDER_PLAN.json","not_started","","",""
"build_04","4432","proposal-builder","proposal_builder","1920","1080","build_04/BUILD_04_ARTIFACT_MANIFEST.md","build_04/BUILD_04_RENDER_PLAN.json","not_started","","",""
"build_04","4433","proposal-preview","proposal_preview","1920","1080","build_04/BUILD_04_ARTIFACT_MANIFEST.md","build_04/BUILD_04_RENDER_PLAN.json","not_started","","",""
"build_04","4434","proposal-approvals","proposal_approvals","1920","1080","build_04/BUILD_04_ARTIFACT_MANIFEST.md","build_04/BUILD_04_RENDER_PLAN.json","not_started","","",""
"build_04","4435","negotiation-room","negotiation_room","1920","1080","build_04/BUILD_04_ARTIFACT_MANIFEST.md","build_04/BUILD_04_RENDER_PLAN.json","not_started","","",""
"build_04","4436","commercial-models","commercial_models","1920","1080","build_04/BUILD_04_ARTIFACT_MANIFEST.md","build_04/BUILD_04_RENDER_PLAN.json","not_started","","",""
"build_04","4437","forecast","forecast_board","1920","1080","build_04/BUILD_04_ARTIFACT_MANIFEST.md","build_04/BUILD_04_RENDER_PLAN.json","not_started","","",""
"build_04","4438","forecast-snapshots","forecast_snapshots","1920","1080","build_04/BUILD_04_ARTIFACT_MANIFEST.md","build_04/BUILD_04_RENDER_PLAN.json","not_started","","",""
"build_04","4439","lead-scoring","lead_scoring","1920","1080","build_04/BUILD_04_ARTIFACT_MANIFEST.md","build_04/BUILD_04_RENDER_PLAN.json","not_started","","",""
"build_04","4440","opportunity-scoring","opportunity_scoring","1920","1080","build_04/BUILD_04_ARTIFACT_MANIFEST.md","build_04/BUILD_04_RENDER_PLAN.json","not_started","","",""
"build_04","4441","campaign-attribution","campaign_attribution","1920","1080","build_04/BUILD_04_ARTIFACT_MANIFEST.md","build_04/BUILD_04_RENDER_PLAN.json","not_started","","",""
"build_04","4442","consent-center","consent_center","1920","1080","build_04/BUILD_04_ARTIFACT_MANIFEST.md","build_04/BUILD_04_RENDER_PLAN.json","not_started","","",""
"build_04","4443","won-handoff","won_deal_handoff","1920","1080","build_04/BUILD_04_ARTIFACT_MANIFEST.md","build_04/BUILD_04_RENDER_PLAN.json","not_started","","",""
"build_04","4444","handoff-receipt","handoff_receipt","1920","1080","build_04/BUILD_04_ARTIFACT_MANIFEST.md","build_04/BUILD_04_RENDER_PLAN.json","not_started","","",""
"build_04","4445","funnel","funnel_analytics","1920","1080","build_04/BUILD_04_ARTIFACT_MANIFEST.md","build_04/BUILD_04_RENDER_PLAN.json","not_started","","",""
"build_04","4446","velocity","pipeline_velocity","1920","1080","build_04/BUILD_04_ARTIFACT_MANIFEST.md","build_04/BUILD_04_RENDER_PLAN.json","not_started","","",""
"build_04","4447","aging","opportunity_aging","1920","1080","build_04/BUILD_04_ARTIFACT_MANIFEST.md","build_04/BUILD_04_RENDER_PLAN.json","not_started","","",""
"build_04","4448","win-loss","win_loss","1920","1080","build_04/BUILD_04_ARTIFACT_MANIFEST.md","build_04/BUILD_04_RENDER_PLAN.json","not_started","","",""
"build_04","4449","cross-tenant-block","cross_tenant_hard_block","1920","1080","build_04/BUILD_04_ARTIFACT_MANIFEST.md","build_04/BUILD_04_RENDER_PLAN.json","not_started","","",""
"build_04","4450","permission-denied","permission_denied","1920","1080","build_04/BUILD_04_ARTIFACT_MANIFEST.md","build_04/BUILD_04_RENDER_PLAN.json","not_started","","",""
"build_04","4451","stale-write","stale_write_conflict","1920","1080","build_04/BUILD_04_ARTIFACT_MANIFEST.md","build_04/BUILD_04_RENDER_PLAN.json","not_started","","",""
"build_04","4452","empty-state","empty_state","1920","1080","build_04/BUILD_04_ARTIFACT_MANIFEST.md","build_04/BUILD_04_RENDER_PLAN.json","not_started","","",""
"build_04","4453","validation-errors","validation_errors","1920","1080","build_04/BUILD_04_ARTIFACT_MANIFEST.md","build_04/BUILD_04_RENDER_PLAN.json","not_started","","",""
"build_04","4454","audit-evidence","audit_evidence","1920","1080","build_04/BUILD_04_ARTIFACT_MANIFEST.md","build_04/BUILD_04_RENDER_PLAN.json","not_started","","",""
"build_04","4455","api-contracts","api_contracts","1920","1080","build_04/BUILD_04_ARTIFACT_MANIFEST.md","build_04/BUILD_04_RENDER_PLAN.json","not_started","","",""
"build_04","4456","events","commercial_events","1920","1080","build_04/BUILD_04_ARTIFACT_MANIFEST.md","build_04/BUILD_04_RENDER_PLAN.json","not_started","","",""
"build_04","4457","migration-plan","migration_plan","1920","1080","build_04/BUILD_04_ARTIFACT_MANIFEST.md","build_04/BUILD_04_RENDER_PLAN.json","not_started","","",""
"build_04","4458","rollback-plan","rollback_plan","1920","1080","build_04/BUILD_04_ARTIFACT_MANIFEST.md","build_04/BUILD_04_RENDER_PLAN.json","not_started","","",""
"build_04","4459","acceptance-gates","acceptance_gates","1920","1080","build_04/BUILD_04_ARTIFACT_MANIFEST.md","build_04/BUILD_04_RENDER_PLAN.json","not_started","","",""
"build_04","4460","build05-handoff","build_05_handoff","1920","1080","build_04/BUILD_04_ARTIFACT_MANIFEST.md","build_04/BUILD_04_RENDER_PLAN.json","not_started","","",""
"build_04","4461","contract-64","commercial_contract_64","1920","1080","build_04/BUILD_04_ARTIFACT_MANIFEST.md","build_04/BUILD_04_RENDER_PLAN.json","not_started","","",""
"build_04","4462","contract-65","commercial_contract_65","1920","1080","build_04/BUILD_04_ARTIFACT_MANIFEST.md","build_04/BUILD_04_RENDER_PLAN.json","not_started","","",""
"build_04","4463","contract-66","commercial_contract_66","1920","1080","build_04/BUILD_04_ARTIFACT_MANIFEST.md","build_04/BUILD_04_RENDER_PLAN.json","not_started","","",""
"build_04","4464","contract-67","commercial_contract_67","1920","1080","build_04/BUILD_04_ARTIFACT_MANIFEST.md","build_04/BUILD_04_RENDER_PLAN.json","not_started","","",""
"build_04","4465","contract-68","commercial_contract_68","1920","1080","build_04/BUILD_04_ARTIFACT_MANIFEST.md","build_04/BUILD_04_RENDER_PLAN.json","not_started","","",""
"build_04","4466","contract-69","commercial_contract_69","1920","1080","build_04/BUILD_04_ARTIFACT_MANIFEST.md","build_04/BUILD_04_RENDER_PLAN.json","not_started","","",""
"build_04","4467","contract-70","commercial_contract_70","1920","1080","build_04/BUILD_04_ARTIFACT_MANIFEST.md","build_04/BUILD_04_RENDER_PLAN.json","not_started","","",""
"build_04","4468","contract-71","commercial_contract_71","1920","1080","build_04/BUILD_04_ARTIFACT_MANIFEST.md","build_04/BUILD_04_RENDER_PLAN.json","not_started","","",""
"build_04","4469","contract-72","commercial_contract_72","1920","1080","build_04/BUILD_04_ARTIFACT_MANIFEST.md","build_04/BUILD_04_RENDER_PLAN.json","not_started","","",""
"build_04","4470","contract-73","commercial_contract_73","1920","1080","build_04/BUILD_04_ARTIFACT_MANIFEST.md","build_04/BUILD_04_RENDER_PLAN.json","not_started","","",""
"build_04","4471","contract-74","commercial_contract_74","1920","1080","build_04/BUILD_04_ARTIFACT_MANIFEST.md","build_04/BUILD_04_RENDER_PLAN.json","not_started","","",""
"build_04","4472","contract-75","commercial_contract_75","1920","1080","build_04/BUILD_04_ARTIFACT_MANIFEST.md","build_04/BUILD_04_RENDER_PLAN.json","not_started","","",""
"build_04","4473","contract-76","commercial_contract_76","1920","1080","build_04/BUILD_04_ARTIFACT_MANIFEST.md","build_04/BUILD_04_RENDER_PLAN.json","not_started","","",""
"build_04","4474","architecture","reference_architecture","1920","1080","build_04/BUILD_04_ARTIFACT_MANIFEST.md","build_04/BUILD_04_RENDER_PLAN.json","not_started","","",""
"build_04","4475","wireframes","wireframes","1920","1080","build_04/BUILD_04_ARTIFACT_MANIFEST.md","build_04/BUILD_04_RENDER_PLAN.json","not_started","","",""
"build_04","4476","iconography","iconography","1920","1080","build_04/BUILD_04_ARTIFACT_MANIFEST.md","build_04/BUILD_04_RENDER_PLAN.json","not_started","","",""
"build_05","5501","overview","procurement_command_center","1440","1080","build_05/BUILD_05_ARTIFACT_MANIFEST.md","build_05/BUILD_05_RENDER_PLAN.json","not_started","","",""
"build_05","5502","governance","network_governance","1920","1080","build_05/BUILD_05_ARTIFACT_MANIFEST.md","build_05/BUILD_05_RENDER_PLAN.json","not_started","","",""
"build_05","5503","corrective","corrective_actions","1920","1080","build_05/BUILD_05_ARTIFACT_MANIFEST.md","build_05/BUILD_05_RENDER_PLAN.json","not_started","","",""
"build_05","5504","performance","carrier_performance","1920","1080","build_05/BUILD_05_ARTIFACT_MANIFEST.md","build_05/BUILD_05_RENDER_PLAN.json","not_started","","",""
"build_05","5505","rates","rate_agreements","1920","1080","build_05/BUILD_05_ARTIFACT_MANIFEST.md","build_05/BUILD_05_RENDER_PLAN.json","not_started","","",""
"build_05","5506","awards","scenario_awards","1920","1080","build_05/BUILD_05_ARTIFACT_MANIFEST.md","build_05/BUILD_05_RENDER_PLAN.json","not_started","","",""
"build_05","5507","comparison","bid_comparison","1920","1080","build_05/BUILD_05_ARTIFACT_MANIFEST.md","build_05/BUILD_05_RENDER_PLAN.json","not_started","","",""
"build_05","5508","economics","commercial_models","1920","1080","build_05/BUILD_05_ARTIFACT_MANIFEST.md","build_05/BUILD_05_RENDER_PLAN.json","not_started","","",""
"build_05","5509","bids","carrier_bids","1920","1080","build_05/BUILD_05_ARTIFACT_MANIFEST.md","build_05/BUILD_05_RENDER_PLAN.json","not_started","","",""
"build_05","5510","sourcing","sourcing_events","1920","1080","build_05/BUILD_05_ARTIFACT_MANIFEST.md","build_05/BUILD_05_RENDER_PLAN.json","not_started","","",""
"build_05","5511","qualification","qualification_rules","1920","1080","build_05/BUILD_05_ARTIFACT_MANIFEST.md","build_05/BUILD_05_RENDER_PLAN.json","not_started","","",""
"build_05","5512","capabilities","capacity_capabilities","1920","1080","build_05/BUILD_05_ARTIFACT_MANIFEST.md","build_05/BUILD_05_RENDER_PLAN.json","not_started","","",""
"build_05","5513","safety","safety_risk","1920","1080","build_05/BUILD_05_ARTIFACT_MANIFEST.md","build_05/BUILD_05_RENDER_PLAN.json","not_started","","",""
"build_05","5514","insurance","insurance_monitoring","1920","1080","build_05/BUILD_05_ARTIFACT_MANIFEST.md","build_05/BUILD_05_RENDER_PLAN.json","not_started","","",""
"build_05","5515","compliance","compliance_authorities","1920","1080","build_05/BUILD_05_ARTIFACT_MANIFEST.md","build_05/BUILD_05_RENDER_PLAN.json","not_started","","",""
"build_05","5516","onboarding","carrier_onboarding","1920","1080","build_05/BUILD_05_ARTIFACT_MANIFEST.md","build_05/BUILD_05_RENDER_PLAN.json","not_started","","",""
"build_05","5517","network","carrier_network_directory","1920","1080","build_05/BUILD_05_ARTIFACT_MANIFEST.md","build_05/BUILD_05_RENDER_PLAN.json","not_started","","",""
"build_05","5518","carrier-directory","carrier_directory","1920","1080","build_05/BUILD_05_ARTIFACT_MANIFEST.md","build_05/BUILD_05_RENDER_PLAN.json","not_started","","",""
"build_05","5519","carrier-360","carrier_360","1920","1080","build_05/BUILD_05_ARTIFACT_MANIFEST.md","build_05/BUILD_05_RENDER_PLAN.json","not_started","","",""
"build_05","5520","application-inbox","application_inbox","1920","1080","build_05/BUILD_05_ARTIFACT_MANIFEST.md","build_05/BUILD_05_RENDER_PLAN.json","not_started","","",""
"build_05","5521","onboarding-workflow","onboarding_workflow","1920","1080","build_05/BUILD_05_ARTIFACT_MANIFEST.md","build_05/BUILD_05_RENDER_PLAN.json","not_started","","",""
"build_05","5522","compliance-matrix","compliance_matrix","1920","1080","build_05/BUILD_05_ARTIFACT_MANIFEST.md","build_05/BUILD_05_RENDER_PLAN.json","not_started","","",""
"build_05","5523","document-review","document_review","1920","1080","build_05/BUILD_05_ARTIFACT_MANIFEST.md","build_05/BUILD_05_RENDER_PLAN.json","not_started","","",""
"build_05","5524","authority-verification","authority_verification","1920","1080","build_05/BUILD_05_ARTIFACT_MANIFEST.md","build_05/BUILD_05_RENDER_PLAN.json","not_started","","",""
"build_05","5525","insurance-monitor","insurance_monitor","1920","1080","build_05/BUILD_05_ARTIFACT_MANIFEST.md","build_05/BUILD_05_RENDER_PLAN.json","not_started","","",""
"build_05","5526","expiry-queue","expiry_queue","1920","1080","build_05/BUILD_05_ARTIFACT_MANIFEST.md","build_05/BUILD_05_RENDER_PLAN.json","not_started","","",""
"build_05","5527","risk-center","safety_risk_center","1920","1080","build_05/BUILD_05_ARTIFACT_MANIFEST.md","build_05/BUILD_05_RENDER_PLAN.json","not_started","","",""
"build_05","5528","capability-map","capability_map","1920","1080","build_05/BUILD_05_ARTIFACT_MANIFEST.md","build_05/BUILD_05_RENDER_PLAN.json","not_started","","",""
"build_05","5529","equipment-matrix","equipment_matrix","1920","1080","build_05/BUILD_05_ARTIFACT_MANIFEST.md","build_05/BUILD_05_RENDER_PLAN.json","not_started","","",""
"build_05","5530","lane-coverage","lane_coverage","1920","1080","build_05/BUILD_05_ARTIFACT_MANIFEST.md","build_05/BUILD_05_RENDER_PLAN.json","not_started","","",""
"build_05","5531","eligibility-check","eligibility_check","1920","1080","build_05/BUILD_05_ARTIFACT_MANIFEST.md","build_05/BUILD_05_RENDER_PLAN.json","not_started","","",""
"build_05","5532","sourcing-list","sourcing_events","1920","1080","build_05/BUILD_05_ARTIFACT_MANIFEST.md","build_05/BUILD_05_RENDER_PLAN.json","not_started","","",""
"build_05","5533","sourcing-builder","sourcing_builder","1920","1080","build_05/BUILD_05_ARTIFACT_MANIFEST.md","build_05/BUILD_05_RENDER_PLAN.json","not_started","","",""
"build_05","5534","invite-strategy","invite_strategy","1920","1080","build_05/BUILD_05_ARTIFACT_MANIFEST.md","build_05/BUILD_05_RENDER_PLAN.json","not_started","","",""
"build_05","5535","carrier-bid-room","carrier_bid_room","1920","1080","build_05/BUILD_05_ARTIFACT_MANIFEST.md","build_05/BUILD_05_RENDER_PLAN.json","not_started","","",""
"build_05","5536","bid-builder","bid_builder","1920","1080","build_05/BUILD_05_ARTIFACT_MANIFEST.md","build_05/BUILD_05_RENDER_PLAN.json","not_started","","",""
"build_05","5537","bid-revisions","bid_revisions","1920","1080","build_05/BUILD_05_ARTIFACT_MANIFEST.md","build_05/BUILD_05_RENDER_PLAN.json","not_started","","",""
"build_05","5538","commercial-models","commercial_models","1920","1080","build_05/BUILD_05_ARTIFACT_MANIFEST.md","build_05/BUILD_05_RENDER_PLAN.json","not_started","","",""
"build_05","5539","cost-plus","cost_plus_model","1920","1080","build_05/BUILD_05_ARTIFACT_MANIFEST.md","build_05/BUILD_05_RENDER_PLAN.json","not_started","","",""
"build_05","5540","sell-share","sell_share_model","1920","1080","build_05/BUILD_05_ARTIFACT_MANIFEST.md","build_05/BUILD_05_RENDER_PLAN.json","not_started","","",""
"build_05","5541","fee-plus","fee_plus_model","1920","1080","build_05/BUILD_05_ARTIFACT_MANIFEST.md","build_05/BUILD_05_RENDER_PLAN.json","not_started","","",""
"build_05","5542","brokerage","brokerage_model","1920","1080","build_05/BUILD_05_ARTIFACT_MANIFEST.md","build_05/BUILD_05_RENDER_PLAN.json","not_started","","",""
"build_05","5543","bid-comparison","bid_comparison","1920","1080","build_05/BUILD_05_ARTIFACT_MANIFEST.md","build_05/BUILD_05_RENDER_PLAN.json","not_started","","",""
"build_05","5544","landed-cost","normalized_landed_cost","1920","1080","build_05/BUILD_05_ARTIFACT_MANIFEST.md","build_05/BUILD_05_RENDER_PLAN.json","not_started","","",""
"build_05","5545","award-scenarios","award_scenarios","1920","1080","build_05/BUILD_05_ARTIFACT_MANIFEST.md","build_05/BUILD_05_RENDER_PLAN.json","not_started","","",""
"build_05","5546","award-approval","award_approval","1920","1080","build_05/BUILD_05_ARTIFACT_MANIFEST.md","build_05/BUILD_05_RENDER_PLAN.json","not_started","","",""
"build_05","5547","award-receipt","award_receipt","1920","1080","build_05/BUILD_05_ARTIFACT_MANIFEST.md","build_05/BUILD_05_RENDER_PLAN.json","not_started","","",""
"build_05","5548","rate-agreements","rate_agreements","1920","1080","build_05/BUILD_05_ARTIFACT_MANIFEST.md","build_05/BUILD_05_RENDER_PLAN.json","not_started","","",""
"build_05","5549","rate-card","rate_card","1920","1080","build_05/BUILD_05_ARTIFACT_MANIFEST.md","build_05/BUILD_05_RENDER_PLAN.json","not_started","","",""
"build_05","5550","accessorials","accessorials","1920","1080","build_05/BUILD_05_ARTIFACT_MANIFEST.md","build_05/BUILD_05_RENDER_PLAN.json","not_started","","",""
"build_05","5551","performance-scorecards","performance_scorecards","1920","1080","build_05/BUILD_05_ARTIFACT_MANIFEST.md","build_05/BUILD_05_RENDER_PLAN.json","not_started","","",""
"build_05","5552","corrective-actions","corrective_actions","1920","1080","build_05/BUILD_05_ARTIFACT_MANIFEST.md","build_05/BUILD_05_RENDER_PLAN.json","not_started","","",""
"build_05","5553","suspension-center","suspension_center","1920","1080","build_05/BUILD_05_ARTIFACT_MANIFEST.md","build_05/BUILD_05_RENDER_PLAN.json","not_started","","",""
"build_05","5554","cross-tenant-block","cross_tenant_hard_block","1920","1080","build_05/BUILD_05_ARTIFACT_MANIFEST.md","build_05/BUILD_05_RENDER_PLAN.json","not_started","","",""
"build_05","5555","ineligible-carrier","ineligible_carrier","1920","1080","build_05/BUILD_05_ARTIFACT_MANIFEST.md","build_05/BUILD_05_RENDER_PLAN.json","not_started","","",""
"build_05","5556","expired-document","expired_document","1920","1080","build_05/BUILD_05_ARTIFACT_MANIFEST.md","build_05/BUILD_05_RENDER_PLAN.json","not_started","","",""
"build_05","5557","stale-write","stale_write_conflict","1920","1080","build_05/BUILD_05_ARTIFACT_MANIFEST.md","build_05/BUILD_05_RENDER_PLAN.json","not_started","","",""
"build_05","5558","empty-state","empty_state","1920","1080","build_05/BUILD_05_ARTIFACT_MANIFEST.md","build_05/BUILD_05_RENDER_PLAN.json","not_started","","",""
"build_05","5559","validation-errors","validation_errors","1920","1080","build_05/BUILD_05_ARTIFACT_MANIFEST.md","build_05/BUILD_05_RENDER_PLAN.json","not_started","","",""
"build_05","5560","audit-evidence","audit_evidence","1920","1080","build_05/BUILD_05_ARTIFACT_MANIFEST.md","build_05/BUILD_05_RENDER_PLAN.json","not_started","","",""
"build_05","5561","api-contracts","api_contracts","1920","1080","build_05/BUILD_05_ARTIFACT_MANIFEST.md","build_05/BUILD_05_RENDER_PLAN.json","not_started","","",""
"build_05","5562","events","procurement_events","1920","1080","build_05/BUILD_05_ARTIFACT_MANIFEST.md","build_05/BUILD_05_RENDER_PLAN.json","not_started","","",""
"build_05","5563","migration-plan","migration_plan","1920","1080","build_05/BUILD_05_ARTIFACT_MANIFEST.md","build_05/BUILD_05_RENDER_PLAN.json","not_started","","",""
"build_05","5564","rollback-plan","rollback_plan","1920","1080","build_05/BUILD_05_ARTIFACT_MANIFEST.md","build_05/BUILD_05_RENDER_PLAN.json","not_started","","",""
"build_05","5565","acceptance-gates","acceptance_gates","1920","1080","build_05/BUILD_05_ARTIFACT_MANIFEST.md","build_05/BUILD_05_RENDER_PLAN.json","not_started","","",""
"build_05","5566","build06-handoff","build_06_handoff","1920","1080","build_05/BUILD_05_ARTIFACT_MANIFEST.md","build_05/BUILD_05_RENDER_PLAN.json","not_started","","",""
"build_05","5567","contract-70","procurement_contract_70","1920","1080","build_05/BUILD_05_ARTIFACT_MANIFEST.md","build_05/BUILD_05_RENDER_PLAN.json","not_started","","",""
"build_05","5568","contract-71","procurement_contract_71","1920","1080","build_05/BUILD_05_ARTIFACT_MANIFEST.md","build_05/BUILD_05_RENDER_PLAN.json","not_started","","",""
"build_05","5569","contract-72","procurement_contract_72","1920","1080","build_05/BUILD_05_ARTIFACT_MANIFEST.md","build_05/BUILD_05_RENDER_PLAN.json","not_started","","",""
"build_05","5570","contract-73","procurement_contract_73","1920","1080","build_05/BUILD_05_ARTIFACT_MANIFEST.md","build_05/BUILD_05_RENDER_PLAN.json","not_started","","",""
"build_05","5571","contract-74","procurement_contract_74","1920","1080","build_05/BUILD_05_ARTIFACT_MANIFEST.md","build_05/BUILD_05_RENDER_PLAN.json","not_started","","",""
"build_05","5572","contract-75","procurement_contract_75","1920","1080","build_05/BUILD_05_ARTIFACT_MANIFEST.md","build_05/BUILD_05_RENDER_PLAN.json","not_started","","",""
"build_05","5573","contract-76","procurement_contract_76","1920","1080","build_05/BUILD_05_ARTIFACT_MANIFEST.md","build_05/BUILD_05_RENDER_PLAN.json","not_started","","",""
"build_05","5574","contract-77","procurement_contract_77","1920","1080","build_05/BUILD_05_ARTIFACT_MANIFEST.md","build_05/BUILD_05_RENDER_PLAN.json","not_started","","",""
"build_05","5575","contract-78","procurement_contract_78","1920","1080","build_05/BUILD_05_ARTIFACT_MANIFEST.md","build_05/BUILD_05_RENDER_PLAN.json","not_started","","",""
"build_05","5576","contract-79","procurement_contract_79","1920","1080","build_05/BUILD_05_ARTIFACT_MANIFEST.md","build_05/BUILD_05_RENDER_PLAN.json","not_started","","",""
"build_05","5577","contract-80","procurement_contract_80","1920","1080","build_05/BUILD_05_ARTIFACT_MANIFEST.md","build_05/BUILD_05_RENDER_PLAN.json","not_started","","",""
"build_05","5578","contract-81","procurement_contract_81","1920","1080","build_05/BUILD_05_ARTIFACT_MANIFEST.md","build_05/BUILD_05_RENDER_PLAN.json","not_started","","",""
"build_05","5579","contract-82","procurement_contract_82","1920","1080","build_05/BUILD_05_ARTIFACT_MANIFEST.md","build_05/BUILD_05_RENDER_PLAN.json","not_started","","",""
"build_05","5580","architecture","reference_architecture","1920","1080","build_05/BUILD_05_ARTIFACT_MANIFEST.md","build_05/BUILD_05_RENDER_PLAN.json","not_started","","",""
"build_05","5581","wireframes","wireframes","1920","1080","build_05/BUILD_05_ARTIFACT_MANIFEST.md","build_05/BUILD_05_RENDER_PLAN.json","not_started","","",""
"build_05","5582","iconography","iconography","1920","1080","build_05/BUILD_05_ARTIFACT_MANIFEST.md","build_05/BUILD_05_RENDER_PLAN.json","not_started","","",""
"build_06","1","overview","#overview","0","0","build_06/BUILD_06_ARTIFACT_MANIFEST.md","build_06/BUILD_06_RENDER_PLAN.json","not_started","","",""
"build_06","2","catalog","#catalog","0","0","build_06/BUILD_06_ARTIFACT_MANIFEST.md","build_06/BUILD_06_RENDER_PLAN.json","not_started","","",""
"build_06","3","request","#request","0","0","build_06/BUILD_06_ARTIFACT_MANIFEST.md","build_06/BUILD_06_RENDER_PLAN.json","not_started","","",""
"build_06","4","cost","#cost","0","0","build_06/BUILD_06_ARTIFACT_MANIFEST.md","build_06/BUILD_06_RENDER_PLAN.json","not_started","","",""
"build_06","5","shorthaul","#shorthaul","0","0","build_06/BUILD_06_ARTIFACT_MANIFEST.md","build_06/BUILD_06_RENDER_PLAN.json","not_started","","",""
"build_06","6","drayage","#drayage","0","0","build_06/BUILD_06_ARTIFACT_MANIFEST.md","build_06/BUILD_06_RENDER_PLAN.json","not_started","","",""
"build_06","7","fuel","#fuel","0","0","build_06/BUILD_06_ARTIFACT_MANIFEST.md","build_06/BUILD_06_RENDER_PLAN.json","not_started","","",""
"build_06","8","accessorials","#accessorials","0","0","build_06/BUILD_06_ARTIFACT_MANIFEST.md","build_06/BUILD_06_RENDER_PLAN.json","not_started","","",""
"build_06","9","currency","#currency","0","0","build_06/BUILD_06_ARTIFACT_MANIFEST.md","build_06/BUILD_06_RENDER_PLAN.json","not_started","","",""
"build_06","10","rules","#rules","0","0","build_06/BUILD_06_ARTIFACT_MANIFEST.md","build_06/BUILD_06_RENDER_PLAN.json","not_started","","",""
"build_06","11","models","#models","0","0","build_06/BUILD_06_ARTIFACT_MANIFEST.md","build_06/BUILD_06_RENDER_PLAN.json","not_started","","",""
"build_06","12","margin","#margin","0","0","build_06/BUILD_06_ARTIFACT_MANIFEST.md","build_06/BUILD_06_RENDER_PLAN.json","not_started","","",""
"build_06","13","simulation","#simulation","0","0","build_06/BUILD_06_ARTIFACT_MANIFEST.md","build_06/BUILD_06_RENDER_PLAN.json","not_started","","",""
"build_06","14","quote","#quote","0","0","build_06/BUILD_06_ARTIFACT_MANIFEST.md","build_06/BUILD_06_RENDER_PLAN.json","not_started","","",""
"build_06","15","approval","#approval","0","0","build_06/BUILD_06_ARTIFACT_MANIFEST.md","build_06/BUILD_06_RENDER_PLAN.json","not_started","","",""
"build_06","16","publication","#publication","0","0","build_06/BUILD_06_ARTIFACT_MANIFEST.md","build_06/BUILD_06_RENDER_PLAN.json","not_started","","",""
"build_06","17","explain","#explain","0","0","build_06/BUILD_06_ARTIFACT_MANIFEST.md","build_06/BUILD_06_RENDER_PLAN.json","not_started","","",""
"build_06","18","performance","#performance","0","0","build_06/BUILD_06_ARTIFACT_MANIFEST.md","build_06/BUILD_06_RENDER_PLAN.json","not_started","","",""
"build_06","19","governance","#governance","0","0","build_06/BUILD_06_ARTIFACT_MANIFEST.md","build_06/BUILD_06_RENDER_PLAN.json","not_started","","",""
"build_06","20","rate-catalog","#rate-catalog","0","0","build_06/BUILD_06_ARTIFACT_MANIFEST.md","build_06/BUILD_06_RENDER_PLAN.json","not_started","","",""
"build_06","21","buy-rates","#buy-rates","0","0","build_06/BUILD_06_ARTIFACT_MANIFEST.md","build_06/BUILD_06_RENDER_PLAN.json","not_started","","",""
"build_06","22","cost-model","#cost-model","0","0","build_06/BUILD_06_ARTIFACT_MANIFEST.md","build_06/BUILD_06_RENDER_PLAN.json","not_started","","",""
"build_06","23","sell-rates","#sell-rates","0","0","build_06/BUILD_06_ARTIFACT_MANIFEST.md","build_06/BUILD_06_RENDER_PLAN.json","not_started","","",""
"build_06","24","rating-request","#rating-request","0","0","build_06/BUILD_06_ARTIFACT_MANIFEST.md","build_06/BUILD_06_RENDER_PLAN.json","not_started","","",""
"build_06","25","lane-rating","#lane-rating","0","0","build_06/BUILD_06_ARTIFACT_MANIFEST.md","build_06/BUILD_06_RENDER_PLAN.json","not_started","","",""
"build_06","26","short-haul","#short-haul","0","0","build_06/BUILD_06_ARTIFACT_MANIFEST.md","build_06/BUILD_06_RENDER_PLAN.json","not_started","","",""
"build_06","27","route-cost","#route-cost","0","0","build_06/BUILD_06_ARTIFACT_MANIFEST.md","build_06/BUILD_06_RENDER_PLAN.json","not_started","","",""
"build_06","28","drayage-builder","#drayage-builder","0","0","build_06/BUILD_06_ARTIFACT_MANIFEST.md","build_06/BUILD_06_RENDER_PLAN.json","not_started","","",""
"build_06","29","fuel-index","#fuel-index","0","0","build_06/BUILD_06_ARTIFACT_MANIFEST.md","build_06/BUILD_06_RENDER_PLAN.json","not_started","","",""
"build_06","30","accessorial-library","#accessorial-library","0","0","build_06/BUILD_06_ARTIFACT_MANIFEST.md","build_06/BUILD_06_RENDER_PLAN.json","not_started","","",""
"build_06","31","fx-snapshot","#fx-snapshot","0","0","build_06/BUILD_06_ARTIFACT_MANIFEST.md","build_06/BUILD_06_RENDER_PLAN.json","not_started","","",""
"build_06","32","rule-priority","#rule-priority","0","0","build_06/BUILD_06_ARTIFACT_MANIFEST.md","build_06/BUILD_06_RENDER_PLAN.json","not_started","","",""
"build_06","33","rule-conflict","#rule-conflict","0","0","build_06/BUILD_06_ARTIFACT_MANIFEST.md","build_06/BUILD_06_RENDER_PLAN.json","not_started","","",""
"build_06","34","commercial-models","#commercial-models","0","0","build_06/BUILD_06_ARTIFACT_MANIFEST.md","build_06/BUILD_06_RENDER_PLAN.json","not_started","","",""
"build_06","35","fee-plus","#fee-plus","0","0","build_06/BUILD_06_ARTIFACT_MANIFEST.md","build_06/BUILD_06_RENDER_PLAN.json","not_started","","",""
"build_06","36","cost-plus","#cost-plus","0","0","build_06/BUILD_06_ARTIFACT_MANIFEST.md","build_06/BUILD_06_RENDER_PLAN.json","not_started","","",""
"build_06","37","sell-share","#sell-share","0","0","build_06/BUILD_06_ARTIFACT_MANIFEST.md","build_06/BUILD_06_RENDER_PLAN.json","not_started","","",""
"build_06","38","brokerage","#brokerage","0","0","build_06/BUILD_06_ARTIFACT_MANIFEST.md","build_06/BUILD_06_RENDER_PLAN.json","not_started","","",""
"build_06","39","margin-policy","#margin-policy","0","0","build_06/BUILD_06_ARTIFACT_MANIFEST.md","build_06/BUILD_06_RENDER_PLAN.json","not_started","","",""
"build_06","40","margin-exception","#margin-exception","0","0","build_06/BUILD_06_ARTIFACT_MANIFEST.md","build_06/BUILD_06_RENDER_PLAN.json","not_started","","",""
"build_06","41","scenario-builder","#scenario-builder","0","0","build_06/BUILD_06_ARTIFACT_MANIFEST.md","build_06/BUILD_06_RENDER_PLAN.json","not_started","","",""
"build_06","42","scenario-compare","#scenario-compare","0","0","build_06/BUILD_06_ARTIFACT_MANIFEST.md","build_06/BUILD_06_RENDER_PLAN.json","not_started","","",""
"build_06","43","sensitivity","#sensitivity","0","0","build_06/BUILD_06_ARTIFACT_MANIFEST.md","build_06/BUILD_06_RENDER_PLAN.json","not_started","","",""
"build_06","44","quote-builder","#quote-builder","0","0","build_06/BUILD_06_ARTIFACT_MANIFEST.md","build_06/BUILD_06_RENDER_PLAN.json","not_started","","",""
"build_06","45","quote-lines","#quote-lines","0","0","build_06/BUILD_06_ARTIFACT_MANIFEST.md","build_06/BUILD_06_RENDER_PLAN.json","not_started","","",""
"build_06","46","quote-approval","#quote-approval","0","0","build_06/BUILD_06_ARTIFACT_MANIFEST.md","build_06/BUILD_06_RENDER_PLAN.json","not_started","","",""
"build_06","47","published-quote","#published-quote","0","0","build_06/BUILD_06_ARTIFACT_MANIFEST.md","build_06/BUILD_06_RENDER_PLAN.json","not_started","","",""
"build_06","48","quote-revision","#quote-revision","0","0","build_06/BUILD_06_ARTIFACT_MANIFEST.md","build_06/BUILD_06_RENDER_PLAN.json","not_started","","",""
"build_06","49","quote-acceptance","#quote-acceptance","0","0","build_06/BUILD_06_ARTIFACT_MANIFEST.md","build_06/BUILD_06_RENDER_PLAN.json","not_started","","",""
"build_06","50","calculation-trace","#calculation-trace","0","0","build_06/BUILD_06_ARTIFACT_MANIFEST.md","build_06/BUILD_06_RENDER_PLAN.json","not_started","","",""
"build_06","51","source-lineage","#source-lineage","0","0","build_06/BUILD_06_ARTIFACT_MANIFEST.md","build_06/BUILD_06_RENDER_PLAN.json","not_started","","",""
"build_06","52","rate-import","#rate-import","0","0","build_06/BUILD_06_ARTIFACT_MANIFEST.md","build_06/BUILD_06_RENDER_PLAN.json","not_started","","",""
"build_06","53","import-validation","#import-validation","0","0","build_06/BUILD_06_ARTIFACT_MANIFEST.md","build_06/BUILD_06_RENDER_PLAN.json","not_started","","",""
"build_06","54","pricing-dashboard","#pricing-dashboard","0","0","build_06/BUILD_06_ARTIFACT_MANIFEST.md","build_06/BUILD_06_RENDER_PLAN.json","not_started","","",""
"build_06","55","margin-leakage","#margin-leakage","0","0","build_06/BUILD_06_ARTIFACT_MANIFEST.md","build_06/BUILD_06_RENDER_PLAN.json","not_started","","",""
"build_06","56","win-loss","#win-loss","0","0","build_06/BUILD_06_ARTIFACT_MANIFEST.md","build_06/BUILD_06_RENDER_PLAN.json","not_started","","",""
"build_06","57","cross-tenant-block","#cross-tenant-block","0","0","build_06/BUILD_06_ARTIFACT_MANIFEST.md","build_06/BUILD_06_RENDER_PLAN.json","not_started","","",""
"build_06","58","missing-facts","#missing-facts","0","0","build_06/BUILD_06_ARTIFACT_MANIFEST.md","build_06/BUILD_06_RENDER_PLAN.json","not_started","","",""
"build_06","59","ambiguous-rule","#ambiguous-rule","0","0","build_06/BUILD_06_ARTIFACT_MANIFEST.md","build_06/BUILD_06_RENDER_PLAN.json","not_started","","",""
"build_06","60","expired-rate","#expired-rate","0","0","build_06/BUILD_06_ARTIFACT_MANIFEST.md","build_06/BUILD_06_RENDER_PLAN.json","not_started","","",""
"build_06","61","fx-evidence-error","#fx-evidence-error","0","0","build_06/BUILD_06_ARTIFACT_MANIFEST.md","build_06/BUILD_06_RENDER_PLAN.json","not_started","","",""
"build_06","62","margin-block","#margin-block","0","0","build_06/BUILD_06_ARTIFACT_MANIFEST.md","build_06/BUILD_06_RENDER_PLAN.json","not_started","","",""
"build_06","63","stale-write","#stale-write","0","0","build_06/BUILD_06_ARTIFACT_MANIFEST.md","build_06/BUILD_06_RENDER_PLAN.json","not_started","","",""
"build_06","64","empty-state","#empty-state","0","0","build_06/BUILD_06_ARTIFACT_MANIFEST.md","build_06/BUILD_06_RENDER_PLAN.json","not_started","","",""
"build_06","65","validation-errors","#validation-errors","0","0","build_06/BUILD_06_ARTIFACT_MANIFEST.md","build_06/BUILD_06_RENDER_PLAN.json","not_started","","",""
"build_06","66","audit-evidence","#audit-evidence","0","0","build_06/BUILD_06_ARTIFACT_MANIFEST.md","build_06/BUILD_06_RENDER_PLAN.json","not_started","","",""
"build_06","67","api-contracts","#api-contracts","0","0","build_06/BUILD_06_ARTIFACT_MANIFEST.md","build_06/BUILD_06_RENDER_PLAN.json","not_started","","",""
"build_06","68","events","#events","0","0","build_06/BUILD_06_ARTIFACT_MANIFEST.md","build_06/BUILD_06_RENDER_PLAN.json","not_started","","",""
"build_06","69","migration-plan","#migration-plan","0","0","build_06/BUILD_06_ARTIFACT_MANIFEST.md","build_06/BUILD_06_RENDER_PLAN.json","not_started","","",""
"build_06","70","rollback-plan","#rollback-plan","0","0","build_06/BUILD_06_ARTIFACT_MANIFEST.md","build_06/BUILD_06_RENDER_PLAN.json","not_started","","",""
"build_06","71","acceptance-gates","#acceptance-gates","0","0","build_06/BUILD_06_ARTIFACT_MANIFEST.md","build_06/BUILD_06_RENDER_PLAN.json","not_started","","",""
"build_06","72","build07-handoff","#build07-handoff","0","0","build_06/BUILD_06_ARTIFACT_MANIFEST.md","build_06/BUILD_06_RENDER_PLAN.json","not_started","","",""
"build_06","73","contract-73","#contract-73","0","0","build_06/BUILD_06_ARTIFACT_MANIFEST.md","build_06/BUILD_06_RENDER_PLAN.json","not_started","","",""
"build_06","74","contract-74","#contract-74","0","0","build_06/BUILD_06_ARTIFACT_MANIFEST.md","build_06/BUILD_06_RENDER_PLAN.json","not_started","","",""
"build_06","75","contract-75","#contract-75","0","0","build_06/BUILD_06_ARTIFACT_MANIFEST.md","build_06/BUILD_06_RENDER_PLAN.json","not_started","","",""
"build_06","76","contract-76","#contract-76","0","0","build_06/BUILD_06_ARTIFACT_MANIFEST.md","build_06/BUILD_06_RENDER_PLAN.json","not_started","","",""
"build_06","77","contract-77","#contract-77","0","0","build_06/BUILD_06_ARTIFACT_MANIFEST.md","build_06/BUILD_06_RENDER_PLAN.json","not_started","","",""
"build_06","78","contract-78","#contract-78","0","0","build_06/BUILD_06_ARTIFACT_MANIFEST.md","build_06/BUILD_06_RENDER_PLAN.json","not_started","","",""
"build_06","79","contract-79","#contract-79","0","0","build_06/BUILD_06_ARTIFACT_MANIFEST.md","build_06/BUILD_06_RENDER_PLAN.json","not_started","","",""
"build_06","80","contract-80","#contract-80","0","0","build_06/BUILD_06_ARTIFACT_MANIFEST.md","build_06/BUILD_06_RENDER_PLAN.json","not_started","","",""
"build_06","81","contract-81","#contract-81","0","0","build_06/BUILD_06_ARTIFACT_MANIFEST.md","build_06/BUILD_06_RENDER_PLAN.json","not_started","","",""
"build_06","82","contract-82","#contract-82","0","0","build_06/BUILD_06_ARTIFACT_MANIFEST.md","build_06/BUILD_06_RENDER_PLAN.json","not_started","","",""
"build_06","83","contract-83","#contract-83","0","0","build_06/BUILD_06_ARTIFACT_MANIFEST.md","build_06/BUILD_06_RENDER_PLAN.json","not_started","","",""
"build_06","84","contract-84","#contract-84","0","0","build_06/BUILD_06_ARTIFACT_MANIFEST.md","build_06/BUILD_06_RENDER_PLAN.json","not_started","","",""
"build_06","85","contract-85","#contract-85","0","0","build_06/BUILD_06_ARTIFACT_MANIFEST.md","build_06/BUILD_06_RENDER_PLAN.json","not_started","","",""
"build_06","86","contract-86","#contract-86","0","0","build_06/BUILD_06_ARTIFACT_MANIFEST.md","build_06/BUILD_06_RENDER_PLAN.json","not_started","","",""
"build_06","87","contract-87","#contract-87","0","0","build_06/BUILD_06_ARTIFACT_MANIFEST.md","build_06/BUILD_06_RENDER_PLAN.json","not_started","","",""
"build_06","88","architecture","#architecture","0","0","build_06/BUILD_06_ARTIFACT_MANIFEST.md","build_06/BUILD_06_RENDER_PLAN.json","not_started","","",""
"build_06","89","wireframes","#wireframes","0","0","build_06/BUILD_06_ARTIFACT_MANIFEST.md","build_06/BUILD_06_RENDER_PLAN.json","not_started","","",""
"build_06","90","iconography","#iconography","0","0","build_06/BUILD_06_ARTIFACT_MANIFEST.md","build_06/BUILD_06_RENDER_PLAN.json","not_started","","",""
"build_07","1","overview","#overview","0","0","build_07/BUILD_07_ARTIFACT_MANIFEST.md","build_07/BUILD_07_RENDER_PLAN.json","not_started","","",""
"build_07","2","intake","#intake","0","0","build_07/BUILD_07_ARTIFACT_MANIFEST.md","build_07/BUILD_07_RENDER_PLAN.json","not_started","","",""
"build_07","3","orders","#orders","0","0","build_07/BUILD_07_ARTIFACT_MANIFEST.md","build_07/BUILD_07_RENDER_PLAN.json","not_started","","",""
"build_07","4","shipments","#shipments","0","0","build_07/BUILD_07_ARTIFACT_MANIFEST.md","build_07/BUILD_07_RENDER_PLAN.json","not_started","","",""
"build_07","5","loads","#loads","0","0","build_07/BUILD_07_ARTIFACT_MANIFEST.md","build_07/BUILD_07_RENDER_PLAN.json","not_started","","",""
"build_07","6","planning","#planning","0","0","build_07/BUILD_07_ARTIFACT_MANIFEST.md","build_07/BUILD_07_RENDER_PLAN.json","not_started","","",""
"build_07","7","assignment","#assignment","0","0","build_07/BUILD_07_ARTIFACT_MANIFEST.md","build_07/BUILD_07_RENDER_PLAN.json","not_started","","",""
"build_07","8","dispatch","#dispatch","0","0","build_07/BUILD_07_ARTIFACT_MANIFEST.md","build_07/BUILD_07_RENDER_PLAN.json","not_started","","",""
"build_07","9","appointments","#appointments","0","0","build_07/BUILD_07_ARTIFACT_MANIFEST.md","build_07/BUILD_07_RENDER_PLAN.json","not_started","","",""
"build_07","10","tracking","#tracking","0","0","build_07/BUILD_07_ARTIFACT_MANIFEST.md","build_07/BUILD_07_RENDER_PLAN.json","not_started","","",""
"build_07","11","events","#events","0","0","build_07/BUILD_07_ARTIFACT_MANIFEST.md","build_07/BUILD_07_RENDER_PLAN.json","not_started","","",""
"build_07","12","eta","#eta","0","0","build_07/BUILD_07_ARTIFACT_MANIFEST.md","build_07/BUILD_07_RENDER_PLAN.json","not_started","","",""
"build_07","13","exceptions","#exceptions","0","0","build_07/BUILD_07_ARTIFACT_MANIFEST.md","build_07/BUILD_07_RENDER_PLAN.json","not_started","","",""
"build_07","14","communications","#communications","0","0","build_07/BUILD_07_ARTIFACT_MANIFEST.md","build_07/BUILD_07_RENDER_PLAN.json","not_started","","",""
"build_07","15","documents","#documents","0","0","build_07/BUILD_07_ARTIFACT_MANIFEST.md","build_07/BUILD_07_RENDER_PLAN.json","not_started","","",""
"build_07","16","pod","#pod","0","0","build_07/BUILD_07_ARTIFACT_MANIFEST.md","build_07/BUILD_07_RENDER_PLAN.json","not_started","","",""
"build_07","17","accessorials","#accessorials","0","0","build_07/BUILD_07_ARTIFACT_MANIFEST.md","build_07/BUILD_07_RENDER_PLAN.json","not_started","","",""
"build_07","18","border","#border","0","0","build_07/BUILD_07_ARTIFACT_MANIFEST.md","build_07/BUILD_07_RENDER_PLAN.json","not_started","","",""
"build_07","19","control","#control","0","0","build_07/BUILD_07_ARTIFACT_MANIFEST.md","build_07/BUILD_07_RENDER_PLAN.json","not_started","","",""
"build_07","20","closure","#closure","0","0","build_07/BUILD_07_ARTIFACT_MANIFEST.md","build_07/BUILD_07_RENDER_PLAN.json","not_started","","",""
"build_07","21","governance","#governance","0","0","build_07/BUILD_07_ARTIFACT_MANIFEST.md","build_07/BUILD_07_RENDER_PLAN.json","not_started","","",""
"build_07","22","order-inbox","#order-inbox","0","0","build_07/BUILD_07_ARTIFACT_MANIFEST.md","build_07/BUILD_07_RENDER_PLAN.json","not_started","","",""
"build_07","23","order-detail","#order-detail","0","0","build_07/BUILD_07_ARTIFACT_MANIFEST.md","build_07/BUILD_07_RENDER_PLAN.json","not_started","","",""
"build_07","24","order-revision","#order-revision","0","0","build_07/BUILD_07_ARTIFACT_MANIFEST.md","build_07/BUILD_07_RENDER_PLAN.json","not_started","","",""
"build_07","25","shipment-builder","#shipment-builder","0","0","build_07/BUILD_07_ARTIFACT_MANIFEST.md","build_07/BUILD_07_RENDER_PLAN.json","not_started","","",""
"build_07","26","stop-sequence","#stop-sequence","0","0","build_07/BUILD_07_ARTIFACT_MANIFEST.md","build_07/BUILD_07_RENDER_PLAN.json","not_started","","",""
"build_07","27","leg-plan","#leg-plan","0","0","build_07/BUILD_07_ARTIFACT_MANIFEST.md","build_07/BUILD_07_RENDER_PLAN.json","not_started","","",""
"build_07","28","load-board","#load-board","0","0","build_07/BUILD_07_ARTIFACT_MANIFEST.md","build_07/BUILD_07_RENDER_PLAN.json","not_started","","",""
"build_07","29","load-detail","#load-detail","0","0","build_07/BUILD_07_ARTIFACT_MANIFEST.md","build_07/BUILD_07_RENDER_PLAN.json","not_started","","",""
"build_07","30","state-history","#state-history","0","0","build_07/BUILD_07_ARTIFACT_MANIFEST.md","build_07/BUILD_07_RENDER_PLAN.json","not_started","","",""
"build_07","31","planning-board","#planning-board","0","0","build_07/BUILD_07_ARTIFACT_MANIFEST.md","build_07/BUILD_07_RENDER_PLAN.json","not_started","","",""
"build_07","32","capacity-view","#capacity-view","0","0","build_07/BUILD_07_ARTIFACT_MANIFEST.md","build_07/BUILD_07_RENDER_PLAN.json","not_started","","",""
"build_07","33","carrier-assignment","#carrier-assignment","0","0","build_07/BUILD_07_ARTIFACT_MANIFEST.md","build_07/BUILD_07_RENDER_PLAN.json","not_started","","",""
"build_07","34","unit-driver-assignment","#unit-driver-assignment","0","0","build_07/BUILD_07_ARTIFACT_MANIFEST.md","build_07/BUILD_07_RENDER_PLAN.json","not_started","","",""
"build_07","35","tender-builder","#tender-builder","0","0","build_07/BUILD_07_ARTIFACT_MANIFEST.md","build_07/BUILD_07_RENDER_PLAN.json","not_started","","",""
"build_07","36","tender-response","#tender-response","0","0","build_07/BUILD_07_ARTIFACT_MANIFEST.md","build_07/BUILD_07_RENDER_PLAN.json","not_started","","",""
"build_07","37","dispatch-console","#dispatch-console","0","0","build_07/BUILD_07_ARTIFACT_MANIFEST.md","build_07/BUILD_07_RENDER_PLAN.json","not_started","","",""
"build_07","38","appointment-calendar","#appointment-calendar","0","0","build_07/BUILD_07_ARTIFACT_MANIFEST.md","build_07/BUILD_07_RENDER_PLAN.json","not_started","","",""
"build_07","39","appointment-detail","#appointment-detail","0","0","build_07/BUILD_07_ARTIFACT_MANIFEST.md","build_07/BUILD_07_RENDER_PLAN.json","not_started","","",""
"build_07","40","live-map","#live-map","0","0","build_07/BUILD_07_ARTIFACT_MANIFEST.md","build_07/BUILD_07_RENDER_PLAN.json","not_started","","",""
"build_07","41","tracking-detail","#tracking-detail","0","0","build_07/BUILD_07_ARTIFACT_MANIFEST.md","build_07/BUILD_07_RENDER_PLAN.json","not_started","","",""
"build_07","42","timeline","#timeline","0","0","build_07/BUILD_07_ARTIFACT_MANIFEST.md","build_07/BUILD_07_RENDER_PLAN.json","not_started","","",""
"build_07","43","milestone-policy","#milestone-policy","0","0","build_07/BUILD_07_ARTIFACT_MANIFEST.md","build_07/BUILD_07_RENDER_PLAN.json","not_started","","",""
"build_07","44","eta-panel","#eta-panel","0","0","build_07/BUILD_07_ARTIFACT_MANIFEST.md","build_07/BUILD_07_RENDER_PLAN.json","not_started","","",""
"build_07","45","eta-history","#eta-history","0","0","build_07/BUILD_07_ARTIFACT_MANIFEST.md","build_07/BUILD_07_RENDER_PLAN.json","not_started","","",""
"build_07","46","exception-queue","#exception-queue","0","0","build_07/BUILD_07_ARTIFACT_MANIFEST.md","build_07/BUILD_07_RENDER_PLAN.json","not_started","","",""
"build_07","47","exception-detail","#exception-detail","0","0","build_07/BUILD_07_ARTIFACT_MANIFEST.md","build_07/BUILD_07_RENDER_PLAN.json","not_started","","",""
"build_07","48","escalation","#escalation","0","0","build_07/BUILD_07_ARTIFACT_MANIFEST.md","build_07/BUILD_07_RENDER_PLAN.json","not_started","","",""
"build_07","49","communications-thread","#communications-thread","0","0","build_07/BUILD_07_ARTIFACT_MANIFEST.md","build_07/BUILD_07_RENDER_PLAN.json","not_started","","",""
"build_07","50","document-checklist","#document-checklist","0","0","build_07/BUILD_07_ARTIFACT_MANIFEST.md","build_07/BUILD_07_RENDER_PLAN.json","not_started","","",""
"build_07","51","bol-viewer","#bol-viewer","0","0","build_07/BUILD_07_ARTIFACT_MANIFEST.md","build_07/BUILD_07_RENDER_PLAN.json","not_started","","",""
"build_07","52","pod-inbox","#pod-inbox","0","0","build_07/BUILD_07_ARTIFACT_MANIFEST.md","build_07/BUILD_07_RENDER_PLAN.json","not_started","","",""
"build_07","53","pod-review","#pod-review","0","0","build_07/BUILD_07_ARTIFACT_MANIFEST.md","build_07/BUILD_07_RENDER_PLAN.json","not_started","","",""
"build_07","54","pod-rejection","#pod-rejection","0","0","build_07/BUILD_07_ARTIFACT_MANIFEST.md","build_07/BUILD_07_RENDER_PLAN.json","not_started","","",""
"build_07","55","accessorial-request","#accessorial-request","0","0","build_07/BUILD_07_ARTIFACT_MANIFEST.md","build_07/BUILD_07_RENDER_PLAN.json","not_started","","",""
"build_07","56","detention-timer","#detention-timer","0","0","build_07/BUILD_07_ARTIFACT_MANIFEST.md","build_07/BUILD_07_RENDER_PLAN.json","not_started","","",""
"build_07","57","border-console","#border-console","0","0","build_07/BUILD_07_ARTIFACT_MANIFEST.md","build_07/BUILD_07_RENDER_PLAN.json","not_started","","",""
"build_07","58","container-detail","#container-detail","0","0","build_07/BUILD_07_ARTIFACT_MANIFEST.md","build_07/BUILD_07_RENDER_PLAN.json","not_started","","",""
"build_07","59","chassis-tracking","#chassis-tracking","0","0","build_07/BUILD_07_ARTIFACT_MANIFEST.md","build_07/BUILD_07_RENDER_PLAN.json","not_started","","",""
"build_07","60","customs-milestones","#customs-milestones","0","0","build_07/BUILD_07_ARTIFACT_MANIFEST.md","build_07/BUILD_07_RENDER_PLAN.json","not_started","","",""
"build_07","61","control-tower","#control-tower","0","0","build_07/BUILD_07_ARTIFACT_MANIFEST.md","build_07/BUILD_07_RENDER_PLAN.json","not_started","","",""
"build_07","62","sla-risk","#sla-risk","0","0","build_07/BUILD_07_ARTIFACT_MANIFEST.md","build_07/BUILD_07_RENDER_PLAN.json","not_started","","",""
"build_07","63","workload","#workload","0","0","build_07/BUILD_07_ARTIFACT_MANIFEST.md","build_07/BUILD_07_RENDER_PLAN.json","not_started","","",""
"build_07","64","operational-close","#operational-close","0","0","build_07/BUILD_07_ARTIFACT_MANIFEST.md","build_07/BUILD_07_RENDER_PLAN.json","not_started","","",""
"build_07","65","finance-handoff","#finance-handoff","0","0","build_07/BUILD_07_ARTIFACT_MANIFEST.md","build_07/BUILD_07_RENDER_PLAN.json","not_started","","",""
"build_07","66","cross-tenant-block","#cross-tenant-block","0","0","build_07/BUILD_07_ARTIFACT_MANIFEST.md","build_07/BUILD_07_RENDER_PLAN.json","not_started","","",""
"build_07","67","invalid-transition","#invalid-transition","0","0","build_07/BUILD_07_ARTIFACT_MANIFEST.md","build_07/BUILD_07_RENDER_PLAN.json","not_started","","",""
"build_07","68","carrier-ineligible","#carrier-ineligible","0","0","build_07/BUILD_07_ARTIFACT_MANIFEST.md","build_07/BUILD_07_RENDER_PLAN.json","not_started","","",""
"build_07","69","tracking-gap","#tracking-gap","0","0","build_07/BUILD_07_ARTIFACT_MANIFEST.md","build_07/BUILD_07_RENDER_PLAN.json","not_started","","",""
"build_07","70","duplicate-event","#duplicate-event","0","0","build_07/BUILD_07_ARTIFACT_MANIFEST.md","build_07/BUILD_07_RENDER_PLAN.json","not_started","","",""
"build_07","71","eta-low-confidence","#eta-low-confidence","0","0","build_07/BUILD_07_ARTIFACT_MANIFEST.md","build_07/BUILD_07_RENDER_PLAN.json","not_started","","",""
"build_07","72","missing-appointment","#missing-appointment","0","0","build_07/BUILD_07_ARTIFACT_MANIFEST.md","build_07/BUILD_07_RENDER_PLAN.json","not_started","","",""
"build_07","73","pod-invalid","#pod-invalid","0","0","build_07/BUILD_07_ARTIFACT_MANIFEST.md","build_07/BUILD_07_RENDER_PLAN.json","not_started","","",""
"build_07","74","closure-blocked","#closure-blocked","0","0","build_07/BUILD_07_ARTIFACT_MANIFEST.md","build_07/BUILD_07_RENDER_PLAN.json","not_started","","",""
"build_07","75","empty-state","#empty-state","0","0","build_07/BUILD_07_ARTIFACT_MANIFEST.md","build_07/BUILD_07_RENDER_PLAN.json","not_started","","",""
"build_07","76","validation-errors","#validation-errors","0","0","build_07/BUILD_07_ARTIFACT_MANIFEST.md","build_07/BUILD_07_RENDER_PLAN.json","not_started","","",""
"build_07","77","audit-evidence","#audit-evidence","0","0","build_07/BUILD_07_ARTIFACT_MANIFEST.md","build_07/BUILD_07_RENDER_PLAN.json","not_started","","",""
"build_07","78","api-contracts","#api-contracts","0","0","build_07/BUILD_07_ARTIFACT_MANIFEST.md","build_07/BUILD_07_RENDER_PLAN.json","not_started","","",""
"build_07","79","events-contracts","#events-contracts","0","0","build_07/BUILD_07_ARTIFACT_MANIFEST.md","build_07/BUILD_07_RENDER_PLAN.json","not_started","","",""
"build_07","80","migration-plan","#migration-plan","0","0","build_07/BUILD_07_ARTIFACT_MANIFEST.md","build_07/BUILD_07_RENDER_PLAN.json","not_started","","",""
"build_07","81","rollback-plan","#rollback-plan","0","0","build_07/BUILD_07_ARTIFACT_MANIFEST.md","build_07/BUILD_07_RENDER_PLAN.json","not_started","","",""
"build_07","82","acceptance-gates","#acceptance-gates","0","0","build_07/BUILD_07_ARTIFACT_MANIFEST.md","build_07/BUILD_07_RENDER_PLAN.json","not_started","","",""
"build_07","83","build08-handoff","#build08-handoff","0","0","build_07/BUILD_07_ARTIFACT_MANIFEST.md","build_07/BUILD_07_RENDER_PLAN.json","not_started","","",""
"build_07","84","contract-84","#contract-84","0","0","build_07/BUILD_07_ARTIFACT_MANIFEST.md","build_07/BUILD_07_RENDER_PLAN.json","not_started","","",""
"build_07","85","contract-85","#contract-85","0","0","build_07/BUILD_07_ARTIFACT_MANIFEST.md","build_07/BUILD_07_RENDER_PLAN.json","not_started","","",""
"build_07","86","contract-86","#contract-86","0","0","build_07/BUILD_07_ARTIFACT_MANIFEST.md","build_07/BUILD_07_RENDER_PLAN.json","not_started","","",""
"build_07","87","contract-87","#contract-87","0","0","build_07/BUILD_07_ARTIFACT_MANIFEST.md","build_07/BUILD_07_RENDER_PLAN.json","not_started","","",""
"build_07","88","contract-88","#contract-88","0","0","build_07/BUILD_07_ARTIFACT_MANIFEST.md","build_07/BUILD_07_RENDER_PLAN.json","not_started","","",""
"build_07","89","contract-89","#contract-89","0","0","build_07/BUILD_07_ARTIFACT_MANIFEST.md","build_07/BUILD_07_RENDER_PLAN.json","not_started","","",""
"build_07","90","contract-90","#contract-90","0","0","build_07/BUILD_07_ARTIFACT_MANIFEST.md","build_07/BUILD_07_RENDER_PLAN.json","not_started","","",""
"build_07","91","contract-91","#contract-91","0","0","build_07/BUILD_07_ARTIFACT_MANIFEST.md","build_07/BUILD_07_RENDER_PLAN.json","not_started","","",""
"build_07","92","contract-92","#contract-92","0","0","build_07/BUILD_07_ARTIFACT_MANIFEST.md","build_07/BUILD_07_RENDER_PLAN.json","not_started","","",""
"build_07","93","contract-93","#contract-93","0","0","build_07/BUILD_07_ARTIFACT_MANIFEST.md","build_07/BUILD_07_RENDER_PLAN.json","not_started","","",""
"build_07","94","architecture","#architecture","0","0","build_07/BUILD_07_ARTIFACT_MANIFEST.md","build_07/BUILD_07_RENDER_PLAN.json","not_started","","",""
"build_07","95","wireframes","#wireframes","0","0","build_07/BUILD_07_ARTIFACT_MANIFEST.md","build_07/BUILD_07_RENDER_PLAN.json","not_started","","",""
"build_07","96","iconography","#iconography","0","0","build_07/BUILD_07_ARTIFACT_MANIFEST.md","build_07/BUILD_07_RENDER_PLAN.json","not_started","","",""
"build_08","1","overview","#overview","0","0","build_08/BUILD_08_ARTIFACT_MANIFEST.md","build_08/BUILD_08_RENDER_PLAN.json","not_started","","",""
"build_08","2","handoff","#handoff","0","0","build_08/BUILD_08_ARTIFACT_MANIFEST.md","build_08/BUILD_08_RENDER_PLAN.json","not_started","","",""
"build_08","3","billing","#billing","0","0","build_08/BUILD_08_ARTIFACT_MANIFEST.md","build_08/BUILD_08_RENDER_PLAN.json","not_started","","",""
"build_08","4","invoices","#invoices","0","0","build_08/BUILD_08_ARTIFACT_MANIFEST.md","build_08/BUILD_08_RENDER_PLAN.json","not_started","","",""
"build_08","5","collections","#collections","0","0","build_08/BUILD_08_ARTIFACT_MANIFEST.md","build_08/BUILD_08_RENDER_PLAN.json","not_started","","",""
"build_08","6","cash","#cash","0","0","build_08/BUILD_08_ARTIFACT_MANIFEST.md","build_08/BUILD_08_RENDER_PLAN.json","not_started","","",""
"build_08","7","carrier-payables","#carrier-payables","0","0","build_08/BUILD_08_ARTIFACT_MANIFEST.md","build_08/BUILD_08_RENDER_PLAN.json","not_started","","",""
"build_08","8","settlements","#settlements","0","0","build_08/BUILD_08_ARTIFACT_MANIFEST.md","build_08/BUILD_08_RENDER_PLAN.json","not_started","","",""
"build_08","9","quickpay","#quickpay","0","0","build_08/BUILD_08_ARTIFACT_MANIFEST.md","build_08/BUILD_08_RENDER_PLAN.json","not_started","","",""
"build_08","10","commissions","#commissions","0","0","build_08/BUILD_08_ARTIFACT_MANIFEST.md","build_08/BUILD_08_RENDER_PLAN.json","not_started","","",""
"build_08","11","tax","#tax","0","0","build_08/BUILD_08_ARTIFACT_MANIFEST.md","build_08/BUILD_08_RENDER_PLAN.json","not_started","","",""
"build_08","12","treasury","#treasury","0","0","build_08/BUILD_08_ARTIFACT_MANIFEST.md","build_08/BUILD_08_RENDER_PLAN.json","not_started","","",""
"build_08","13","payments","#payments","0","0","build_08/BUILD_08_ARTIFACT_MANIFEST.md","build_08/BUILD_08_RENDER_PLAN.json","not_started","","",""
"build_08","14","reconciliation","#reconciliation","0","0","build_08/BUILD_08_ARTIFACT_MANIFEST.md","build_08/BUILD_08_RENDER_PLAN.json","not_started","","",""
"build_08","15","disputes","#disputes","0","0","build_08/BUILD_08_ARTIFACT_MANIFEST.md","build_08/BUILD_08_RENDER_PLAN.json","not_started","","",""
"build_08","16","accounting","#accounting","0","0","build_08/BUILD_08_ARTIFACT_MANIFEST.md","build_08/BUILD_08_RENDER_PLAN.json","not_started","","",""
"build_08","17","close","#close","0","0","build_08/BUILD_08_ARTIFACT_MANIFEST.md","build_08/BUILD_08_RENDER_PLAN.json","not_started","","",""
"build_08","18","credit","#credit","0","0","build_08/BUILD_08_ARTIFACT_MANIFEST.md","build_08/BUILD_08_RENDER_PLAN.json","not_started","","",""
"build_08","19","currency","#currency","0","0","build_08/BUILD_08_ARTIFACT_MANIFEST.md","build_08/BUILD_08_RENDER_PLAN.json","not_started","","",""
"build_08","20","analytics","#analytics","0","0","build_08/BUILD_08_ARTIFACT_MANIFEST.md","build_08/BUILD_08_RENDER_PLAN.json","not_started","","",""
"build_08","21","governance","#governance","0","0","build_08/BUILD_08_ARTIFACT_MANIFEST.md","build_08/BUILD_08_RENDER_PLAN.json","not_started","","",""
"build_08","22","integrations","#integrations","0","0","build_08/BUILD_08_ARTIFACT_MANIFEST.md","build_08/BUILD_08_RENDER_PLAN.json","not_started","","",""
"build_08","23","finance-inbox","#finance-inbox","0","0","build_08/BUILD_08_ARTIFACT_MANIFEST.md","build_08/BUILD_08_RENDER_PLAN.json","not_started","","",""
"build_08","24","handoff-detail","#handoff-detail","0","0","build_08/BUILD_08_ARTIFACT_MANIFEST.md","build_08/BUILD_08_RENDER_PLAN.json","not_started","","",""
"build_08","25","billing-workbench","#billing-workbench","0","0","build_08/BUILD_08_ARTIFACT_MANIFEST.md","build_08/BUILD_08_RENDER_PLAN.json","not_started","","",""
"build_08","26","charge-lines","#charge-lines","0","0","build_08/BUILD_08_ARTIFACT_MANIFEST.md","build_08/BUILD_08_RENDER_PLAN.json","not_started","","",""
"build_08","27","invoice-builder","#invoice-builder","0","0","build_08/BUILD_08_ARTIFACT_MANIFEST.md","build_08/BUILD_08_RENDER_PLAN.json","not_started","","",""
"build_08","28","invoice-preview","#invoice-preview","0","0","build_08/BUILD_08_ARTIFACT_MANIFEST.md","build_08/BUILD_08_RENDER_PLAN.json","not_started","","",""
"build_08","29","invoice-issued","#invoice-issued","0","0","build_08/BUILD_08_ARTIFACT_MANIFEST.md","build_08/BUILD_08_RENDER_PLAN.json","not_started","","",""
"build_08","30","credit-memo","#credit-memo","0","0","build_08/BUILD_08_ARTIFACT_MANIFEST.md","build_08/BUILD_08_RENDER_PLAN.json","not_started","","",""
"build_08","31","debit-memo","#debit-memo","0","0","build_08/BUILD_08_ARTIFACT_MANIFEST.md","build_08/BUILD_08_RENDER_PLAN.json","not_started","","",""
"build_08","32","ar-aging","#ar-aging","0","0","build_08/BUILD_08_ARTIFACT_MANIFEST.md","build_08/BUILD_08_RENDER_PLAN.json","not_started","","",""
"build_08","33","collection-queue","#collection-queue","0","0","build_08/BUILD_08_ARTIFACT_MANIFEST.md","build_08/BUILD_08_RENDER_PLAN.json","not_started","","",""
"build_08","34","promise-to-pay","#promise-to-pay","0","0","build_08/BUILD_08_ARTIFACT_MANIFEST.md","build_08/BUILD_08_RENDER_PLAN.json","not_started","","",""
"build_08","35","cash-inbox","#cash-inbox","0","0","build_08/BUILD_08_ARTIFACT_MANIFEST.md","build_08/BUILD_08_RENDER_PLAN.json","not_started","","",""
"build_08","36","cash-match","#cash-match","0","0","build_08/BUILD_08_ARTIFACT_MANIFEST.md","build_08/BUILD_08_RENDER_PLAN.json","not_started","","",""
"build_08","37","cash-residual","#cash-residual","0","0","build_08/BUILD_08_ARTIFACT_MANIFEST.md","build_08/BUILD_08_RENDER_PLAN.json","not_started","","",""
"build_08","38","carrier-bill-inbox","#carrier-bill-inbox","0","0","build_08/BUILD_08_ARTIFACT_MANIFEST.md","build_08/BUILD_08_RENDER_PLAN.json","not_started","","",""
"build_08","39","carrier-bill-review","#carrier-bill-review","0","0","build_08/BUILD_08_ARTIFACT_MANIFEST.md","build_08/BUILD_08_RENDER_PLAN.json","not_started","","",""
"build_08","40","settlement-builder","#settlement-builder","0","0","build_08/BUILD_08_ARTIFACT_MANIFEST.md","build_08/BUILD_08_RENDER_PLAN.json","not_started","","",""
"build_08","41","settlement-issued","#settlement-issued","0","0","build_08/BUILD_08_ARTIFACT_MANIFEST.md","build_08/BUILD_08_RENDER_PLAN.json","not_started","","",""
"build_08","42","quickpay-offer","#quickpay-offer","0","0","build_08/BUILD_08_ARTIFACT_MANIFEST.md","build_08/BUILD_08_RENDER_PLAN.json","not_started","","",""
"build_08","43","commission-ledger","#commission-ledger","0","0","build_08/BUILD_08_ARTIFACT_MANIFEST.md","build_08/BUILD_08_RENDER_PLAN.json","not_started","","",""
"build_08","44","commission-statement","#commission-statement","0","0","build_08/BUILD_08_ARTIFACT_MANIFEST.md","build_08/BUILD_08_RENDER_PLAN.json","not_started","","",""
"build_08","45","tax-profile","#tax-profile","0","0","build_08/BUILD_08_ARTIFACT_MANIFEST.md","build_08/BUILD_08_RENDER_PLAN.json","not_started","","",""
"build_08","46","fiscal-documents","#fiscal-documents","0","0","build_08/BUILD_08_ARTIFACT_MANIFEST.md","build_08/BUILD_08_RENDER_PLAN.json","not_started","","",""
"build_08","47","treasury-calendar","#treasury-calendar","0","0","build_08/BUILD_08_ARTIFACT_MANIFEST.md","build_08/BUILD_08_RENDER_PLAN.json","not_started","","",""
"build_08","48","disbursement-queue","#disbursement-queue","0","0","build_08/BUILD_08_ARTIFACT_MANIFEST.md","build_08/BUILD_08_RENDER_PLAN.json","not_started","","",""
"build_08","49","payment-batch","#payment-batch","0","0","build_08/BUILD_08_ARTIFACT_MANIFEST.md","build_08/BUILD_08_RENDER_PLAN.json","not_started","","",""
"build_08","50","payment-approval","#payment-approval","0","0","build_08/BUILD_08_ARTIFACT_MANIFEST.md","build_08/BUILD_08_RENDER_PLAN.json","not_started","","",""
"build_08","51","payment-receipt","#payment-receipt","0","0","build_08/BUILD_08_ARTIFACT_MANIFEST.md","build_08/BUILD_08_RENDER_PLAN.json","not_started","","",""
"build_08","52","bank-feed","#bank-feed","0","0","build_08/BUILD_08_ARTIFACT_MANIFEST.md","build_08/BUILD_08_RENDER_PLAN.json","not_started","","",""
"build_08","53","bank-reconciliation","#bank-reconciliation","0","0","build_08/BUILD_08_ARTIFACT_MANIFEST.md","build_08/BUILD_08_RENDER_PLAN.json","not_started","","",""
"build_08","54","subledger-reconciliation","#subledger-reconciliation","0","0","build_08/BUILD_08_ARTIFACT_MANIFEST.md","build_08/BUILD_08_RENDER_PLAN.json","not_started","","",""
"build_08","55","dispute-queue","#dispute-queue","0","0","build_08/BUILD_08_ARTIFACT_MANIFEST.md","build_08/BUILD_08_RENDER_PLAN.json","not_started","","",""
"build_08","56","dispute-detail","#dispute-detail","0","0","build_08/BUILD_08_ARTIFACT_MANIFEST.md","build_08/BUILD_08_RENDER_PLAN.json","not_started","","",""
"build_08","57","deduction-resolution","#deduction-resolution","0","0","build_08/BUILD_08_ARTIFACT_MANIFEST.md","build_08/BUILD_08_RENDER_PLAN.json","not_started","","",""
"build_08","58","journal-mapping","#journal-mapping","0","0","build_08/BUILD_08_ARTIFACT_MANIFEST.md","build_08/BUILD_08_RENDER_PLAN.json","not_started","","",""
"build_08","59","journal-preview","#journal-preview","0","0","build_08/BUILD_08_ARTIFACT_MANIFEST.md","build_08/BUILD_08_RENDER_PLAN.json","not_started","","",""
"build_08","60","journal-posted","#journal-posted","0","0","build_08/BUILD_08_ARTIFACT_MANIFEST.md","build_08/BUILD_08_RENDER_PLAN.json","not_started","","",""
"build_08","61","period-close","#period-close","0","0","build_08/BUILD_08_ARTIFACT_MANIFEST.md","build_08/BUILD_08_RENDER_PLAN.json","not_started","","",""
"build_08","62","period-lock","#period-lock","0","0","build_08/BUILD_08_ARTIFACT_MANIFEST.md","build_08/BUILD_08_RENDER_PLAN.json","not_started","","",""
"build_08","63","period-reopen","#period-reopen","0","0","build_08/BUILD_08_ARTIFACT_MANIFEST.md","build_08/BUILD_08_RENDER_PLAN.json","not_started","","",""
"build_08","64","credit-dashboard","#credit-dashboard","0","0","build_08/BUILD_08_ARTIFACT_MANIFEST.md","build_08/BUILD_08_RENDER_PLAN.json","not_started","","",""
"build_08","65","credit-hold","#credit-hold","0","0","build_08/BUILD_08_ARTIFACT_MANIFEST.md","build_08/BUILD_08_RENDER_PLAN.json","not_started","","",""
"build_08","66","exposure-detail","#exposure-detail","0","0","build_08/BUILD_08_ARTIFACT_MANIFEST.md","build_08/BUILD_08_RENDER_PLAN.json","not_started","","",""
"build_08","67","fx-revaluation","#fx-revaluation","0","0","build_08/BUILD_08_ARTIFACT_MANIFEST.md","build_08/BUILD_08_RENDER_PLAN.json","not_started","","",""
"build_08","68","finance-dashboard","#finance-dashboard","0","0","build_08/BUILD_08_ARTIFACT_MANIFEST.md","build_08/BUILD_08_RENDER_PLAN.json","not_started","","",""
"build_08","69","dso-dpo","#dso-dpo","0","0","build_08/BUILD_08_ARTIFACT_MANIFEST.md","build_08/BUILD_08_RENDER_PLAN.json","not_started","","",""
"build_08","70","margin-bridge","#margin-bridge","0","0","build_08/BUILD_08_ARTIFACT_MANIFEST.md","build_08/BUILD_08_RENDER_PLAN.json","not_started","","",""
"build_08","71","leakage","#leakage","0","0","build_08/BUILD_08_ARTIFACT_MANIFEST.md","build_08/BUILD_08_RENDER_PLAN.json","not_started","","",""
"build_08","72","integration-health","#integration-health","0","0","build_08/BUILD_08_ARTIFACT_MANIFEST.md","build_08/BUILD_08_RENDER_PLAN.json","not_started","","",""
"build_08","73","quickbooks-sync","#quickbooks-sync","0","0","build_08/BUILD_08_ARTIFACT_MANIFEST.md","build_08/BUILD_08_RENDER_PLAN.json","not_started","","",""
"build_08","74","cross-tenant-block","#cross-tenant-block","0","0","build_08/BUILD_08_ARTIFACT_MANIFEST.md","build_08/BUILD_08_RENDER_PLAN.json","not_started","","",""
"build_08","75","unreconciled-handoff","#unreconciled-handoff","0","0","build_08/BUILD_08_ARTIFACT_MANIFEST.md","build_08/BUILD_08_RENDER_PLAN.json","not_started","","",""
"build_08","76","invoice-mutation-block","#invoice-mutation-block","0","0","build_08/BUILD_08_ARTIFACT_MANIFEST.md","build_08/BUILD_08_RENDER_PLAN.json","not_started","","",""
"build_08","77","payment-duplicate","#payment-duplicate","0","0","build_08/BUILD_08_ARTIFACT_MANIFEST.md","build_08/BUILD_08_RENDER_PLAN.json","not_started","","",""
"build_08","78","maker-checker-block","#maker-checker-block","0","0","build_08/BUILD_08_ARTIFACT_MANIFEST.md","build_08/BUILD_08_RENDER_PLAN.json","not_started","","",""
"build_08","79","cash-low-confidence","#cash-low-confidence","0","0","build_08/BUILD_08_ARTIFACT_MANIFEST.md","build_08/BUILD_08_RENDER_PLAN.json","not_started","","",""
"build_08","80","journal-unbalanced","#journal-unbalanced","0","0","build_08/BUILD_08_ARTIFACT_MANIFEST.md","build_08/BUILD_08_RENDER_PLAN.json","not_started","","",""
"build_08","81","period-locked","#period-locked","0","0","build_08/BUILD_08_ARTIFACT_MANIFEST.md","build_08/BUILD_08_RENDER_PLAN.json","not_started","","",""
"build_08","82","currency-mismatch","#currency-mismatch","0","0","build_08/BUILD_08_ARTIFACT_MANIFEST.md","build_08/BUILD_08_RENDER_PLAN.json","not_started","","",""
"build_08","83","empty-state","#empty-state","0","0","build_08/BUILD_08_ARTIFACT_MANIFEST.md","build_08/BUILD_08_RENDER_PLAN.json","not_started","","",""
"build_08","84","validation-errors","#validation-errors","0","0","build_08/BUILD_08_ARTIFACT_MANIFEST.md","build_08/BUILD_08_RENDER_PLAN.json","not_started","","",""
"build_08","85","audit-evidence","#audit-evidence","0","0","build_08/BUILD_08_ARTIFACT_MANIFEST.md","build_08/BUILD_08_RENDER_PLAN.json","not_started","","",""
"build_08","86","api-contracts","#api-contracts","0","0","build_08/BUILD_08_ARTIFACT_MANIFEST.md","build_08/BUILD_08_RENDER_PLAN.json","not_started","","",""
"build_08","87","events-contracts","#events-contracts","0","0","build_08/BUILD_08_ARTIFACT_MANIFEST.md","build_08/BUILD_08_RENDER_PLAN.json","not_started","","",""
"build_08","88","migration-plan","#migration-plan","0","0","build_08/BUILD_08_ARTIFACT_MANIFEST.md","build_08/BUILD_08_RENDER_PLAN.json","not_started","","",""
"build_08","89","rollback-plan","#rollback-plan","0","0","build_08/BUILD_08_ARTIFACT_MANIFEST.md","build_08/BUILD_08_RENDER_PLAN.json","not_started","","",""
"build_08","90","acceptance-gates","#acceptance-gates","0","0","build_08/BUILD_08_ARTIFACT_MANIFEST.md","build_08/BUILD_08_RENDER_PLAN.json","not_started","","",""
"build_08","91","build09-handoff","#build09-handoff","0","0","build_08/BUILD_08_ARTIFACT_MANIFEST.md","build_08/BUILD_08_RENDER_PLAN.json","not_started","","",""
"build_08","92","contract-92","#contract-92","0","0","build_08/BUILD_08_ARTIFACT_MANIFEST.md","build_08/BUILD_08_RENDER_PLAN.json","not_started","","",""
"build_08","93","contract-93","#contract-93","0","0","build_08/BUILD_08_ARTIFACT_MANIFEST.md","build_08/BUILD_08_RENDER_PLAN.json","not_started","","",""
"build_08","94","contract-94","#contract-94","0","0","build_08/BUILD_08_ARTIFACT_MANIFEST.md","build_08/BUILD_08_RENDER_PLAN.json","not_started","","",""
"build_08","95","contract-95","#contract-95","0","0","build_08/BUILD_08_ARTIFACT_MANIFEST.md","build_08/BUILD_08_RENDER_PLAN.json","not_started","","",""
"build_08","96","contract-96","#contract-96","0","0","build_08/BUILD_08_ARTIFACT_MANIFEST.md","build_08/BUILD_08_RENDER_PLAN.json","not_started","","",""
"build_08","97","contract-97","#contract-97","0","0","build_08/BUILD_08_ARTIFACT_MANIFEST.md","build_08/BUILD_08_RENDER_PLAN.json","not_started","","",""
"build_08","98","contract-98","#contract-98","0","0","build_08/BUILD_08_ARTIFACT_MANIFEST.md","build_08/BUILD_08_RENDER_PLAN.json","not_started","","",""
"build_08","99","contract-99","#contract-99","0","0","build_08/BUILD_08_ARTIFACT_MANIFEST.md","build_08/BUILD_08_RENDER_PLAN.json","not_started","","",""
"build_08","100","contract-100","#contract-100","0","0","build_08/BUILD_08_ARTIFACT_MANIFEST.md","build_08/BUILD_08_RENDER_PLAN.json","not_started","","",""
"build_08","101","contract-101","#contract-101","0","0","build_08/BUILD_08_ARTIFACT_MANIFEST.md","build_08/BUILD_08_RENDER_PLAN.json","not_started","","",""
"build_08","102","architecture","#architecture","0","0","build_08/BUILD_08_ARTIFACT_MANIFEST.md","build_08/BUILD_08_RENDER_PLAN.json","not_started","","",""
"build_08","103","wireframes","#wireframes","0","0","build_08/BUILD_08_ARTIFACT_MANIFEST.md","build_08/BUILD_08_RENDER_PLAN.json","not_started","","",""
"build_08","104","iconography","#iconography","0","0","build_08/BUILD_08_ARTIFACT_MANIFEST.md","build_08/BUILD_08_RENDER_PLAN.json","not_started","","",""
"build_09","1","overview","#overview","0","0","build_09/BUILD_09_ARTIFACT_MANIFEST.md","build_09/BUILD_09_RENDER_PLAN.json","not_started","","",""
"build_09","2","semantic","#semantic","0","0","build_09/BUILD_09_ARTIFACT_MANIFEST.md","build_09/BUILD_09_RENDER_PLAN.json","not_started","","",""
"build_09","3","warehouse","#warehouse","0","0","build_09/BUILD_09_ARTIFACT_MANIFEST.md","build_09/BUILD_09_RENDER_PLAN.json","not_started","","",""
"build_09","4","dashboards","#dashboards","0","0","build_09/BUILD_09_ARTIFACT_MANIFEST.md","build_09/BUILD_09_RENDER_PLAN.json","not_started","","",""
"build_09","5","alerts","#alerts","0","0","build_09/BUILD_09_ARTIFACT_MANIFEST.md","build_09/BUILD_09_RENDER_PLAN.json","not_started","","",""
"build_09","6","forecasting","#forecasting","0","0","build_09/BUILD_09_ARTIFACT_MANIFEST.md","build_09/BUILD_09_RENDER_PLAN.json","not_started","","",""
"build_09","7","optimization","#optimization","0","0","build_09/BUILD_09_ARTIFACT_MANIFEST.md","build_09/BUILD_09_RENDER_PLAN.json","not_started","","",""
"build_09","8","workflows","#workflows","0","0","build_09/BUILD_09_ARTIFACT_MANIFEST.md","build_09/BUILD_09_RENDER_PLAN.json","not_started","","",""
"build_09","9","rules","#rules","0","0","build_09/BUILD_09_ARTIFACT_MANIFEST.md","build_09/BUILD_09_RENDER_PLAN.json","not_started","","",""
"build_09","10","copilots","#copilots","0","0","build_09/BUILD_09_ARTIFACT_MANIFEST.md","build_09/BUILD_09_RENDER_PLAN.json","not_started","","",""
"build_09","11","agents","#agents","0","0","build_09/BUILD_09_ARTIFACT_MANIFEST.md","build_09/BUILD_09_RENDER_PLAN.json","not_started","","",""
"build_09","12","prompts","#prompts","0","0","build_09/BUILD_09_ARTIFACT_MANIFEST.md","build_09/BUILD_09_RENDER_PLAN.json","not_started","","",""
"build_09","13","models","#models","0","0","build_09/BUILD_09_ARTIFACT_MANIFEST.md","build_09/BUILD_09_RENDER_PLAN.json","not_started","","",""
"build_09","14","features","#features","0","0","build_09/BUILD_09_ARTIFACT_MANIFEST.md","build_09/BUILD_09_RENDER_PLAN.json","not_started","","",""
"build_09","15","inference","#inference","0","0","build_09/BUILD_09_ARTIFACT_MANIFEST.md","build_09/BUILD_09_RENDER_PLAN.json","not_started","","",""
"build_09","16","approvals","#approvals","0","0","build_09/BUILD_09_ARTIFACT_MANIFEST.md","build_09/BUILD_09_RENDER_PLAN.json","not_started","","",""
"build_09","17","evaluations","#evaluations","0","0","build_09/BUILD_09_ARTIFACT_MANIFEST.md","build_09/BUILD_09_RENDER_PLAN.json","not_started","","",""
"build_09","18","monitoring","#monitoring","0","0","build_09/BUILD_09_ARTIFACT_MANIFEST.md","build_09/BUILD_09_RENDER_PLAN.json","not_started","","",""
"build_09","19","feedback","#feedback","0","0","build_09/BUILD_09_ARTIFACT_MANIFEST.md","build_09/BUILD_09_RENDER_PLAN.json","not_started","","",""
"build_09","20","knowledge","#knowledge","0","0","build_09/BUILD_09_ARTIFACT_MANIFEST.md","build_09/BUILD_09_RENDER_PLAN.json","not_started","","",""
"build_09","21","privacy","#privacy","0","0","build_09/BUILD_09_ARTIFACT_MANIFEST.md","build_09/BUILD_09_RENDER_PLAN.json","not_started","","",""
"build_09","22","governance","#governance","0","0","build_09/BUILD_09_ARTIFACT_MANIFEST.md","build_09/BUILD_09_RENDER_PLAN.json","not_started","","",""
"build_09","23","experiments","#experiments","0","0","build_09/BUILD_09_ARTIFACT_MANIFEST.md","build_09/BUILD_09_RENDER_PLAN.json","not_started","","",""
"build_09","24","automation-ops","#automation-ops","0","0","build_09/BUILD_09_ARTIFACT_MANIFEST.md","build_09/BUILD_09_RENDER_PLAN.json","not_started","","",""
"build_09","25","executive-intelligence","#executive-intelligence","0","0","build_09/BUILD_09_ARTIFACT_MANIFEST.md","build_09/BUILD_09_RENDER_PLAN.json","not_started","","",""
"build_09","26","commercial-cockpit","#commercial-cockpit","0","0","build_09/BUILD_09_ARTIFACT_MANIFEST.md","build_09/BUILD_09_RENDER_PLAN.json","not_started","","",""
"build_09","27","carrier-intelligence","#carrier-intelligence","0","0","build_09/BUILD_09_ARTIFACT_MANIFEST.md","build_09/BUILD_09_RENDER_PLAN.json","not_started","","",""
"build_09","28","pricing-intelligence","#pricing-intelligence","0","0","build_09/BUILD_09_ARTIFACT_MANIFEST.md","build_09/BUILD_09_RENDER_PLAN.json","not_started","","",""
"build_09","29","control-tower-ai","#control-tower-ai","0","0","build_09/BUILD_09_ARTIFACT_MANIFEST.md","build_09/BUILD_09_RENDER_PLAN.json","not_started","","",""
"build_09","30","finance-intelligence","#finance-intelligence","0","0","build_09/BUILD_09_ARTIFACT_MANIFEST.md","build_09/BUILD_09_RENDER_PLAN.json","not_started","","",""
"build_09","31","metric-catalog","#metric-catalog","0","0","build_09/BUILD_09_ARTIFACT_MANIFEST.md","build_09/BUILD_09_RENDER_PLAN.json","not_started","","",""
"build_09","32","metric-lineage","#metric-lineage","0","0","build_09/BUILD_09_ARTIFACT_MANIFEST.md","build_09/BUILD_09_RENDER_PLAN.json","not_started","","",""
"build_09","33","feature-view","#feature-view","0","0","build_09/BUILD_09_ARTIFACT_MANIFEST.md","build_09/BUILD_09_RENDER_PLAN.json","not_started","","",""
"build_09","34","feature-snapshot","#feature-snapshot","0","0","build_09/BUILD_09_ARTIFACT_MANIFEST.md","build_09/BUILD_09_RENDER_PLAN.json","not_started","","",""
"build_09","35","signal-builder","#signal-builder","0","0","build_09/BUILD_09_ARTIFACT_MANIFEST.md","build_09/BUILD_09_RENDER_PLAN.json","not_started","","",""
"build_09","36","alert-inbox","#alert-inbox","0","0","build_09/BUILD_09_ARTIFACT_MANIFEST.md","build_09/BUILD_09_RENDER_PLAN.json","not_started","","",""
"build_09","37","alert-detail","#alert-detail","0","0","build_09/BUILD_09_ARTIFACT_MANIFEST.md","build_09/BUILD_09_RENDER_PLAN.json","not_started","","",""
"build_09","38","forecast-builder","#forecast-builder","0","0","build_09/BUILD_09_ARTIFACT_MANIFEST.md","build_09/BUILD_09_RENDER_PLAN.json","not_started","","",""
"build_09","39","forecast-run","#forecast-run","0","0","build_09/BUILD_09_ARTIFACT_MANIFEST.md","build_09/BUILD_09_RENDER_PLAN.json","not_started","","",""
"build_09","40","forecast-compare","#forecast-compare","0","0","build_09/BUILD_09_ARTIFACT_MANIFEST.md","build_09/BUILD_09_RENDER_PLAN.json","not_started","","",""
"build_09","41","optimization-scenarios","#optimization-scenarios","0","0","build_09/BUILD_09_ARTIFACT_MANIFEST.md","build_09/BUILD_09_RENDER_PLAN.json","not_started","","",""
"build_09","42","workflow-studio","#workflow-studio","0","0","build_09/BUILD_09_ARTIFACT_MANIFEST.md","build_09/BUILD_09_RENDER_PLAN.json","not_started","","",""
"build_09","43","workflow-dry-run","#workflow-dry-run","0","0","build_09/BUILD_09_ARTIFACT_MANIFEST.md","build_09/BUILD_09_RENDER_PLAN.json","not_started","","",""
"build_09","44","workflow-runs","#workflow-runs","0","0","build_09/BUILD_09_ARTIFACT_MANIFEST.md","build_09/BUILD_09_RENDER_PLAN.json","not_started","","",""
"build_09","45","workflow-dlq","#workflow-dlq","0","0","build_09/BUILD_09_ARTIFACT_MANIFEST.md","build_09/BUILD_09_RENDER_PLAN.json","not_started","","",""
"build_09","46","rules-registry","#rules-registry","0","0","build_09/BUILD_09_ARTIFACT_MANIFEST.md","build_09/BUILD_09_RENDER_PLAN.json","not_started","","",""
"build_09","47","rule-simulator","#rule-simulator","0","0","build_09/BUILD_09_ARTIFACT_MANIFEST.md","build_09/BUILD_09_RENDER_PLAN.json","not_started","","",""
"build_09","48","copilot-home","#copilot-home","0","0","build_09/BUILD_09_ARTIFACT_MANIFEST.md","build_09/BUILD_09_RENDER_PLAN.json","not_started","","",""
"build_09","49","copilot-grounding","#copilot-grounding","0","0","build_09/BUILD_09_ARTIFACT_MANIFEST.md","build_09/BUILD_09_RENDER_PLAN.json","not_started","","",""
"build_09","50","agent-registry","#agent-registry","0","0","build_09/BUILD_09_ARTIFACT_MANIFEST.md","build_09/BUILD_09_RENDER_PLAN.json","not_started","","",""
"build_09","51","agent-run","#agent-run","0","0","build_09/BUILD_09_ARTIFACT_MANIFEST.md","build_09/BUILD_09_RENDER_PLAN.json","not_started","","",""
"build_09","52","tool-policy","#tool-policy","0","0","build_09/BUILD_09_ARTIFACT_MANIFEST.md","build_09/BUILD_09_RENDER_PLAN.json","not_started","","",""
"build_09","53","prompt-registry","#prompt-registry","0","0","build_09/BUILD_09_ARTIFACT_MANIFEST.md","build_09/BUILD_09_RENDER_PLAN.json","not_started","","",""
"build_09","54","prompt-release","#prompt-release","0","0","build_09/BUILD_09_ARTIFACT_MANIFEST.md","build_09/BUILD_09_RENDER_PLAN.json","not_started","","",""
"build_09","55","model-registry","#model-registry","0","0","build_09/BUILD_09_ARTIFACT_MANIFEST.md","build_09/BUILD_09_RENDER_PLAN.json","not_started","","",""
"build_09","56","model-release","#model-release","0","0","build_09/BUILD_09_ARTIFACT_MANIFEST.md","build_09/BUILD_09_RENDER_PLAN.json","not_started","","",""
"build_09","57","inference-trace","#inference-trace","0","0","build_09/BUILD_09_ARTIFACT_MANIFEST.md","build_09/BUILD_09_RENDER_PLAN.json","not_started","","",""
"build_09","58","inference-cost","#inference-cost","0","0","build_09/BUILD_09_ARTIFACT_MANIFEST.md","build_09/BUILD_09_RENDER_PLAN.json","not_started","","",""
"build_09","59","approval-inbox","#approval-inbox","0","0","build_09/BUILD_09_ARTIFACT_MANIFEST.md","build_09/BUILD_09_RENDER_PLAN.json","not_started","","",""
"build_09","60","approval-detail","#approval-detail","0","0","build_09/BUILD_09_ARTIFACT_MANIFEST.md","build_09/BUILD_09_RENDER_PLAN.json","not_started","","",""
"build_09","61","evaluation-suites","#evaluation-suites","0","0","build_09/BUILD_09_ARTIFACT_MANIFEST.md","build_09/BUILD_09_RENDER_PLAN.json","not_started","","",""
"build_09","62","evaluation-run","#evaluation-run","0","0","build_09/BUILD_09_ARTIFACT_MANIFEST.md","build_09/BUILD_09_RENDER_PLAN.json","not_started","","",""
"build_09","63","evaluation-regression","#evaluation-regression","0","0","build_09/BUILD_09_ARTIFACT_MANIFEST.md","build_09/BUILD_09_RENDER_PLAN.json","not_started","","",""
"build_09","64","monitoring-quality","#monitoring-quality","0","0","build_09/BUILD_09_ARTIFACT_MANIFEST.md","build_09/BUILD_09_RENDER_PLAN.json","not_started","","",""
"build_09","65","monitoring-drift","#monitoring-drift","0","0","build_09/BUILD_09_ARTIFACT_MANIFEST.md","build_09/BUILD_09_RENDER_PLAN.json","not_started","","",""
"build_09","66","monitoring-cost","#monitoring-cost","0","0","build_09/BUILD_09_ARTIFACT_MANIFEST.md","build_09/BUILD_09_RENDER_PLAN.json","not_started","","",""
"build_09","67","feedback-inbox","#feedback-inbox","0","0","build_09/BUILD_09_ARTIFACT_MANIFEST.md","build_09/BUILD_09_RENDER_PLAN.json","not_started","","",""
"build_09","68","outcome-review","#outcome-review","0","0","build_09/BUILD_09_ARTIFACT_MANIFEST.md","build_09/BUILD_09_RENDER_PLAN.json","not_started","","",""
"build_09","69","knowledge-sources","#knowledge-sources","0","0","build_09/BUILD_09_ARTIFACT_MANIFEST.md","build_09/BUILD_09_RENDER_PLAN.json","not_started","","",""
"build_09","70","citation-viewer","#citation-viewer","0","0","build_09/BUILD_09_ARTIFACT_MANIFEST.md","build_09/BUILD_09_RENDER_PLAN.json","not_started","","",""
"build_09","71","privacy-policy","#privacy-policy","0","0","build_09/BUILD_09_ARTIFACT_MANIFEST.md","build_09/BUILD_09_RENDER_PLAN.json","not_started","","",""
"build_09","72","redaction-preview","#redaction-preview","0","0","build_09/BUILD_09_ARTIFACT_MANIFEST.md","build_09/BUILD_09_RENDER_PLAN.json","not_started","","",""
"build_09","73","injection-block","#injection-block","0","0","build_09/BUILD_09_ARTIFACT_MANIFEST.md","build_09/BUILD_09_RENDER_PLAN.json","not_started","","",""
"build_09","74","ai-use-cases","#ai-use-cases","0","0","build_09/BUILD_09_ARTIFACT_MANIFEST.md","build_09/BUILD_09_RENDER_PLAN.json","not_started","","",""
"build_09","75","risk-decision","#risk-decision","0","0","build_09/BUILD_09_ARTIFACT_MANIFEST.md","build_09/BUILD_09_RENDER_PLAN.json","not_started","","",""
"build_09","76","incident-center","#incident-center","0","0","build_09/BUILD_09_ARTIFACT_MANIFEST.md","build_09/BUILD_09_RENDER_PLAN.json","not_started","","",""
"build_09","77","kill-switch","#kill-switch","0","0","build_09/BUILD_09_ARTIFACT_MANIFEST.md","build_09/BUILD_09_RENDER_PLAN.json","not_started","","",""
"build_09","78","experiment-builder","#experiment-builder","0","0","build_09/BUILD_09_ARTIFACT_MANIFEST.md","build_09/BUILD_09_RENDER_PLAN.json","not_started","","",""
"build_09","79","experiment-results","#experiment-results","0","0","build_09/BUILD_09_ARTIFACT_MANIFEST.md","build_09/BUILD_09_RENDER_PLAN.json","not_started","","",""
"build_09","80","cross-tenant-block","#cross-tenant-block","0","0","build_09/BUILD_09_ARTIFACT_MANIFEST.md","build_09/BUILD_09_RENDER_PLAN.json","not_started","","",""
"build_09","81","ungrounded-response-block","#ungrounded-response-block","0","0","build_09/BUILD_09_ARTIFACT_MANIFEST.md","build_09/BUILD_09_RENDER_PLAN.json","not_started","","",""
"build_09","82","authority-exceeded","#authority-exceeded","0","0","build_09/BUILD_09_ARTIFACT_MANIFEST.md","build_09/BUILD_09_RENDER_PLAN.json","not_started","","",""
"build_09","83","approval-required","#approval-required","0","0","build_09/BUILD_09_ARTIFACT_MANIFEST.md","build_09/BUILD_09_RENDER_PLAN.json","not_started","","",""
"build_09","84","model-release-block","#model-release-block","0","0","build_09/BUILD_09_ARTIFACT_MANIFEST.md","build_09/BUILD_09_RENDER_PLAN.json","not_started","","",""
"build_09","85","drift-alert","#drift-alert","0","0","build_09/BUILD_09_ARTIFACT_MANIFEST.md","build_09/BUILD_09_RENDER_PLAN.json","not_started","","",""
"build_09","86","empty-state","#empty-state","0","0","build_09/BUILD_09_ARTIFACT_MANIFEST.md","build_09/BUILD_09_RENDER_PLAN.json","not_started","","",""
"build_09","87","validation-errors","#validation-errors","0","0","build_09/BUILD_09_ARTIFACT_MANIFEST.md","build_09/BUILD_09_RENDER_PLAN.json","not_started","","",""
"build_09","88","audit-evidence","#audit-evidence","0","0","build_09/BUILD_09_ARTIFACT_MANIFEST.md","build_09/BUILD_09_RENDER_PLAN.json","not_started","","",""
"build_09","89","api-contracts","#api-contracts","0","0","build_09/BUILD_09_ARTIFACT_MANIFEST.md","build_09/BUILD_09_RENDER_PLAN.json","not_started","","",""
"build_09","90","events-contracts","#events-contracts","0","0","build_09/BUILD_09_ARTIFACT_MANIFEST.md","build_09/BUILD_09_RENDER_PLAN.json","not_started","","",""
"build_09","91","migration-plan","#migration-plan","0","0","build_09/BUILD_09_ARTIFACT_MANIFEST.md","build_09/BUILD_09_RENDER_PLAN.json","not_started","","",""
"build_09","92","rollback-plan","#rollback-plan","0","0","build_09/BUILD_09_ARTIFACT_MANIFEST.md","build_09/BUILD_09_RENDER_PLAN.json","not_started","","",""
"build_09","93","acceptance-gates","#acceptance-gates","0","0","build_09/BUILD_09_ARTIFACT_MANIFEST.md","build_09/BUILD_09_RENDER_PLAN.json","not_started","","",""
"build_09","94","build10-handoff","#build10-handoff","0","0","build_09/BUILD_09_ARTIFACT_MANIFEST.md","build_09/BUILD_09_RENDER_PLAN.json","not_started","","",""
"build_09","95","contract-95","#contract-95","0","0","build_09/BUILD_09_ARTIFACT_MANIFEST.md","build_09/BUILD_09_RENDER_PLAN.json","not_started","","",""
"build_09","96","contract-96","#contract-96","0","0","build_09/BUILD_09_ARTIFACT_MANIFEST.md","build_09/BUILD_09_RENDER_PLAN.json","not_started","","",""
"build_09","97","contract-97","#contract-97","0","0","build_09/BUILD_09_ARTIFACT_MANIFEST.md","build_09/BUILD_09_RENDER_PLAN.json","not_started","","",""
"build_09","98","contract-98","#contract-98","0","0","build_09/BUILD_09_ARTIFACT_MANIFEST.md","build_09/BUILD_09_RENDER_PLAN.json","not_started","","",""
"build_09","99","contract-99","#contract-99","0","0","build_09/BUILD_09_ARTIFACT_MANIFEST.md","build_09/BUILD_09_RENDER_PLAN.json","not_started","","",""
"build_09","100","contract-100","#contract-100","0","0","build_09/BUILD_09_ARTIFACT_MANIFEST.md","build_09/BUILD_09_RENDER_PLAN.json","not_started","","",""
"build_09","101","contract-101","#contract-101","0","0","build_09/BUILD_09_ARTIFACT_MANIFEST.md","build_09/BUILD_09_RENDER_PLAN.json","not_started","","",""
"build_09","102","contract-102","#contract-102","0","0","build_09/BUILD_09_ARTIFACT_MANIFEST.md","build_09/BUILD_09_RENDER_PLAN.json","not_started","","",""
"build_09","103","contract-103","#contract-103","0","0","build_09/BUILD_09_ARTIFACT_MANIFEST.md","build_09/BUILD_09_RENDER_PLAN.json","not_started","","",""
"build_09","104","contract-104","#contract-104","0","0","build_09/BUILD_09_ARTIFACT_MANIFEST.md","build_09/BUILD_09_RENDER_PLAN.json","not_started","","",""
"build_09","105","contract-105","#contract-105","0","0","build_09/BUILD_09_ARTIFACT_MANIFEST.md","build_09/BUILD_09_RENDER_PLAN.json","not_started","","",""
"build_09","106","contract-106","#contract-106","0","0","build_09/BUILD_09_ARTIFACT_MANIFEST.md","build_09/BUILD_09_RENDER_PLAN.json","not_started","","",""
"build_09","107","contract-107","#contract-107","0","0","build_09/BUILD_09_ARTIFACT_MANIFEST.md","build_09/BUILD_09_RENDER_PLAN.json","not_started","","",""
"build_09","108","contract-108","#contract-108","0","0","build_09/BUILD_09_ARTIFACT_MANIFEST.md","build_09/BUILD_09_RENDER_PLAN.json","not_started","","",""
"build_09","109","contract-109","#contract-109","0","0","build_09/BUILD_09_ARTIFACT_MANIFEST.md","build_09/BUILD_09_RENDER_PLAN.json","not_started","","",""
"build_09","110","contract-110","#contract-110","0","0","build_09/BUILD_09_ARTIFACT_MANIFEST.md","build_09/BUILD_09_RENDER_PLAN.json","not_started","","",""
"build_09","111","contract-111","#contract-111","0","0","build_09/BUILD_09_ARTIFACT_MANIFEST.md","build_09/BUILD_09_RENDER_PLAN.json","not_started","","",""
"build_09","112","contract-112","#contract-112","0","0","build_09/BUILD_09_ARTIFACT_MANIFEST.md","build_09/BUILD_09_RENDER_PLAN.json","not_started","","",""
"build_09","113","contract-113","#contract-113","0","0","build_09/BUILD_09_ARTIFACT_MANIFEST.md","build_09/BUILD_09_RENDER_PLAN.json","not_started","","",""
"build_09","114","architecture","#architecture","0","0","build_09/BUILD_09_ARTIFACT_MANIFEST.md","build_09/BUILD_09_RENDER_PLAN.json","not_started","","",""
"build_09","115","wireframes","#wireframes","0","0","build_09/BUILD_09_ARTIFACT_MANIFEST.md","build_09/BUILD_09_RENDER_PLAN.json","not_started","","",""
"build_09","116","iconography","#iconography","0","0","build_09/BUILD_09_ARTIFACT_MANIFEST.md","build_09/BUILD_09_RENDER_PLAN.json","not_started","","",""
"build_10","1","overview","#overview","0","0","build_10/BUILD_10_ARTIFACT_MANIFEST.md","build_10/BUILD_10_RENDER_PLAN.json","not_started","","",""
"build_10","2","catalog","#catalog","0","0","build_10/BUILD_10_ARTIFACT_MANIFEST.md","build_10/BUILD_10_RENDER_PLAN.json","not_started","","",""
"build_10","3","connections","#connections","0","0","build_10/BUILD_10_ARTIFACT_MANIFEST.md","build_10/BUILD_10_RENDER_PLAN.json","not_started","","",""
"build_10","4","identity","#identity","0","0","build_10/BUILD_10_ARTIFACT_MANIFEST.md","build_10/BUILD_10_RENDER_PLAN.json","not_started","","",""
"build_10","5","secrets","#secrets","0","0","build_10/BUILD_10_ARTIFACT_MANIFEST.md","build_10/BUILD_10_RENDER_PLAN.json","not_started","","",""
"build_10","6","consent","#consent","0","0","build_10/BUILD_10_ARTIFACT_MANIFEST.md","build_10/BUILD_10_RENDER_PLAN.json","not_started","","",""
"build_10","7","api","#api","0","0","build_10/BUILD_10_ARTIFACT_MANIFEST.md","build_10/BUILD_10_RENDER_PLAN.json","not_started","","",""
"build_10","8","webhooks","#webhooks","0","0","build_10/BUILD_10_ARTIFACT_MANIFEST.md","build_10/BUILD_10_RENDER_PLAN.json","not_started","","",""
"build_10","9","events","#events","0","0","build_10/BUILD_10_ARTIFACT_MANIFEST.md","build_10/BUILD_10_RENDER_PLAN.json","not_started","","",""
"build_10","10","edi","#edi","0","0","build_10/BUILD_10_ARTIFACT_MANIFEST.md","build_10/BUILD_10_RENDER_PLAN.json","not_started","","",""
"build_10","11","files","#files","0","0","build_10/BUILD_10_ARTIFACT_MANIFEST.md","build_10/BUILD_10_RENDER_PLAN.json","not_started","","",""
"build_10","12","email","#email","0","0","build_10/BUILD_10_ARTIFACT_MANIFEST.md","build_10/BUILD_10_RENDER_PLAN.json","not_started","","",""
"build_10","13","chat","#chat","0","0","build_10/BUILD_10_ARTIFACT_MANIFEST.md","build_10/BUILD_10_RENDER_PLAN.json","not_started","","",""
"build_10","14","whatsapp","#whatsapp","0","0","build_10/BUILD_10_ARTIFACT_MANIFEST.md","build_10/BUILD_10_RENDER_PLAN.json","not_started","","",""
"build_10","15","tms","#tms","0","0","build_10/BUILD_10_ARTIFACT_MANIFEST.md","build_10/BUILD_10_RENDER_PLAN.json","not_started","","",""
"build_10","16","telematics","#telematics","0","0","build_10/BUILD_10_ARTIFACT_MANIFEST.md","build_10/BUILD_10_RENDER_PLAN.json","not_started","","",""
"build_10","17","finance","#finance","0","0","build_10/BUILD_10_ARTIFACT_MANIFEST.md","build_10/BUILD_10_RENDER_PLAN.json","not_started","","",""
"build_10","18","compliance","#compliance","0","0","build_10/BUILD_10_ARTIFACT_MANIFEST.md","build_10/BUILD_10_RENDER_PLAN.json","not_started","","",""
"build_10","19","crm","#crm","0","0","build_10/BUILD_10_ARTIFACT_MANIFEST.md","build_10/BUILD_10_RENDER_PLAN.json","not_started","","",""
"build_10","20","maps","#maps","0","0","build_10/BUILD_10_ARTIFACT_MANIFEST.md","build_10/BUILD_10_RENDER_PLAN.json","not_started","","",""
"build_10","21","developer","#developer","0","0","build_10/BUILD_10_ARTIFACT_MANIFEST.md","build_10/BUILD_10_RENDER_PLAN.json","not_started","","",""
"build_10","22","marketplace","#marketplace","0","0","build_10/BUILD_10_ARTIFACT_MANIFEST.md","build_10/BUILD_10_RENDER_PLAN.json","not_started","","",""
"build_10","23","integration-ops","#integration-ops","0","0","build_10/BUILD_10_ARTIFACT_MANIFEST.md","build_10/BUILD_10_RENDER_PLAN.json","not_started","","",""
"build_10","24","sre","#sre","0","0","build_10/BUILD_10_ARTIFACT_MANIFEST.md","build_10/BUILD_10_RENDER_PLAN.json","not_started","","",""
"build_10","25","support","#support","0","0","build_10/BUILD_10_ARTIFACT_MANIFEST.md","build_10/BUILD_10_RENDER_PLAN.json","not_started","","",""
"build_10","26","continuity","#continuity","0","0","build_10/BUILD_10_ARTIFACT_MANIFEST.md","build_10/BUILD_10_RENDER_PLAN.json","not_started","","",""
"build_10","27","connection-wizard","#connection-wizard","0","0","build_10/BUILD_10_ARTIFACT_MANIFEST.md","build_10/BUILD_10_RENDER_PLAN.json","not_started","","",""
"build_10","28","oauth-callback","#oauth-callback","0","0","build_10/BUILD_10_ARTIFACT_MANIFEST.md","build_10/BUILD_10_RENDER_PLAN.json","not_started","","",""
"build_10","29","credential-rotation","#credential-rotation","0","0","build_10/BUILD_10_ARTIFACT_MANIFEST.md","build_10/BUILD_10_RENDER_PLAN.json","not_started","","",""
"build_10","30","scope-review","#scope-review","0","0","build_10/BUILD_10_ARTIFACT_MANIFEST.md","build_10/BUILD_10_RENDER_PLAN.json","not_started","","",""
"build_10","31","api-console","#api-console","0","0","build_10/BUILD_10_ARTIFACT_MANIFEST.md","build_10/BUILD_10_RENDER_PLAN.json","not_started","","",""
"build_10","32","api-consumers","#api-consumers","0","0","build_10/BUILD_10_ARTIFACT_MANIFEST.md","build_10/BUILD_10_RENDER_PLAN.json","not_started","","",""
"build_10","33","rate-limits","#rate-limits","0","0","build_10/BUILD_10_ARTIFACT_MANIFEST.md","build_10/BUILD_10_RENDER_PLAN.json","not_started","","",""
"build_10","34","webhook-endpoints","#webhook-endpoints","0","0","build_10/BUILD_10_ARTIFACT_MANIFEST.md","build_10/BUILD_10_RENDER_PLAN.json","not_started","","",""
"build_10","35","webhook-deliveries","#webhook-deliveries","0","0","build_10/BUILD_10_ARTIFACT_MANIFEST.md","build_10/BUILD_10_RENDER_PLAN.json","not_started","","",""
"build_10","36","webhook-replay","#webhook-replay","0","0","build_10/BUILD_10_ARTIFACT_MANIFEST.md","build_10/BUILD_10_RENDER_PLAN.json","not_started","","",""
"build_10","37","event-subscriptions","#event-subscriptions","0","0","build_10/BUILD_10_ARTIFACT_MANIFEST.md","build_10/BUILD_10_RENDER_PLAN.json","not_started","","",""
"build_10","38","schema-compatibility","#schema-compatibility","0","0","build_10/BUILD_10_ARTIFACT_MANIFEST.md","build_10/BUILD_10_RENDER_PLAN.json","not_started","","",""
"build_10","39","edi-partners","#edi-partners","0","0","build_10/BUILD_10_ARTIFACT_MANIFEST.md","build_10/BUILD_10_RENDER_PLAN.json","not_started","","",""
"build_10","40","edi-interchanges","#edi-interchanges","0","0","build_10/BUILD_10_ARTIFACT_MANIFEST.md","build_10/BUILD_10_RENDER_PLAN.json","not_started","","",""
"build_10","41","edi-acknowledgements","#edi-acknowledgements","0","0","build_10/BUILD_10_ARTIFACT_MANIFEST.md","build_10/BUILD_10_RENDER_PLAN.json","not_started","","",""
"build_10","42","sftp-channels","#sftp-channels","0","0","build_10/BUILD_10_ARTIFACT_MANIFEST.md","build_10/BUILD_10_RENDER_PLAN.json","not_started","","",""
"build_10","43","file-quarantine","#file-quarantine","0","0","build_10/BUILD_10_ARTIFACT_MANIFEST.md","build_10/BUILD_10_RENDER_PLAN.json","not_started","","",""
"build_10","44","gmail-connection","#gmail-connection","0","0","build_10/BUILD_10_ARTIFACT_MANIFEST.md","build_10/BUILD_10_RENDER_PLAN.json","not_started","","",""
"build_10","45","google-chat-connection","#google-chat-connection","0","0","build_10/BUILD_10_ARTIFACT_MANIFEST.md","build_10/BUILD_10_RENDER_PLAN.json","not_started","","",""
"build_10","46","whatsapp-number","#whatsapp-number","0","0","build_10/BUILD_10_ARTIFACT_MANIFEST.md","build_10/BUILD_10_RENDER_PLAN.json","not_started","","",""
"build_10","47","whatsapp-templates","#whatsapp-templates","0","0","build_10/BUILD_10_ARTIFACT_MANIFEST.md","build_10/BUILD_10_RENDER_PLAN.json","not_started","","",""
"build_10","48","whatsapp-callbacks","#whatsapp-callbacks","0","0","build_10/BUILD_10_ARTIFACT_MANIFEST.md","build_10/BUILD_10_RENDER_PLAN.json","not_started","","",""
"build_10","49","tms-mappings","#tms-mappings","0","0","build_10/BUILD_10_ARTIFACT_MANIFEST.md","build_10/BUILD_10_RENDER_PLAN.json","not_started","","",""
"build_10","50","telematics-sources","#telematics-sources","0","0","build_10/BUILD_10_ARTIFACT_MANIFEST.md","build_10/BUILD_10_RENDER_PLAN.json","not_started","","",""
"build_10","51","quickbooks-sync","#quickbooks-sync","0","0","build_10/BUILD_10_ARTIFACT_MANIFEST.md","build_10/BUILD_10_RENDER_PLAN.json","not_started","","",""
"build_10","52","compliance-sync","#compliance-sync","0","0","build_10/BUILD_10_ARTIFACT_MANIFEST.md","build_10/BUILD_10_RENDER_PLAN.json","not_started","","",""
"build_10","53","crm-import","#crm-import","0","0","build_10/BUILD_10_ARTIFACT_MANIFEST.md","build_10/BUILD_10_RENDER_PLAN.json","not_started","","",""
"build_10","54","geocode-receipt","#geocode-receipt","0","0","build_10/BUILD_10_ARTIFACT_MANIFEST.md","build_10/BUILD_10_RENDER_PLAN.json","not_started","","",""
"build_10","55","developer-apps","#developer-apps","0","0","build_10/BUILD_10_ARTIFACT_MANIFEST.md","build_10/BUILD_10_RENDER_PLAN.json","not_started","","",""
"build_10","56","sandbox-console","#sandbox-console","0","0","build_10/BUILD_10_ARTIFACT_MANIFEST.md","build_10/BUILD_10_RENDER_PLAN.json","not_started","","",""
"build_10","57","marketplace-review","#marketplace-review","0","0","build_10/BUILD_10_ARTIFACT_MANIFEST.md","build_10/BUILD_10_RENDER_PLAN.json","not_started","","",""
"build_10","58","installations","#installations","0","0","build_10/BUILD_10_ARTIFACT_MANIFEST.md","build_10/BUILD_10_RENDER_PLAN.json","not_started","","",""
"build_10","59","sync-runs","#sync-runs","0","0","build_10/BUILD_10_ARTIFACT_MANIFEST.md","build_10/BUILD_10_RENDER_PLAN.json","not_started","","",""
"build_10","60","sync-conflicts","#sync-conflicts","0","0","build_10/BUILD_10_ARTIFACT_MANIFEST.md","build_10/BUILD_10_RENDER_PLAN.json","not_started","","",""
"build_10","61","reconciliation","#reconciliation","0","0","build_10/BUILD_10_ARTIFACT_MANIFEST.md","build_10/BUILD_10_RENDER_PLAN.json","not_started","","",""
"build_10","62","connector-health","#connector-health","0","0","build_10/BUILD_10_ARTIFACT_MANIFEST.md","build_10/BUILD_10_RENDER_PLAN.json","not_started","","",""
"build_10","63","dependency-map","#dependency-map","0","0","build_10/BUILD_10_ARTIFACT_MANIFEST.md","build_10/BUILD_10_RENDER_PLAN.json","not_started","","",""
"build_10","64","circuit-breakers","#circuit-breakers","0","0","build_10/BUILD_10_ARTIFACT_MANIFEST.md","build_10/BUILD_10_RENDER_PLAN.json","not_started","","",""
"build_10","65","slo-dashboard","#slo-dashboard","0","0","build_10/BUILD_10_ARTIFACT_MANIFEST.md","build_10/BUILD_10_RENDER_PLAN.json","not_started","","",""
"build_10","66","incident-center","#incident-center","0","0","build_10/BUILD_10_ARTIFACT_MANIFEST.md","build_10/BUILD_10_RENDER_PLAN.json","not_started","","",""
"build_10","67","support-cases","#support-cases","0","0","build_10/BUILD_10_ARTIFACT_MANIFEST.md","build_10/BUILD_10_RENDER_PLAN.json","not_started","","",""
"build_10","68","support-access","#support-access","0","0","build_10/BUILD_10_ARTIFACT_MANIFEST.md","build_10/BUILD_10_RENDER_PLAN.json","not_started","","",""
"build_10","69","backup-snapshots","#backup-snapshots","0","0","build_10/BUILD_10_ARTIFACT_MANIFEST.md","build_10/BUILD_10_RENDER_PLAN.json","not_started","","",""
"build_10","70","restore-exercises","#restore-exercises","0","0","build_10/BUILD_10_ARTIFACT_MANIFEST.md","build_10/BUILD_10_RENDER_PLAN.json","not_started","","",""
"build_10","71","regional-failover","#regional-failover","0","0","build_10/BUILD_10_ARTIFACT_MANIFEST.md","build_10/BUILD_10_RENDER_PLAN.json","not_started","","",""
"build_10","72","dependency-exit","#dependency-exit","0","0","build_10/BUILD_10_ARTIFACT_MANIFEST.md","build_10/BUILD_10_RENDER_PLAN.json","not_started","","",""
"build_10","73","cross-tenant-block","#cross-tenant-block","0","0","build_10/BUILD_10_ARTIFACT_MANIFEST.md","build_10/BUILD_10_RENDER_PLAN.json","not_started","","",""
"build_10","74","invalid-signature","#invalid-signature","0","0","build_10/BUILD_10_ARTIFACT_MANIFEST.md","build_10/BUILD_10_RENDER_PLAN.json","not_started","","",""
"build_10","75","revoked-consent","#revoked-consent","0","0","build_10/BUILD_10_ARTIFACT_MANIFEST.md","build_10/BUILD_10_RENDER_PLAN.json","not_started","","",""
"build_10","76","expired-credential","#expired-credential","0","0","build_10/BUILD_10_ARTIFACT_MANIFEST.md","build_10/BUILD_10_RENDER_PLAN.json","not_started","","",""
"build_10","77","schema-mismatch","#schema-mismatch","0","0","build_10/BUILD_10_ARTIFACT_MANIFEST.md","build_10/BUILD_10_RENDER_PLAN.json","not_started","","",""
"build_10","78","rate-limit-exceeded","#rate-limit-exceeded","0","0","build_10/BUILD_10_ARTIFACT_MANIFEST.md","build_10/BUILD_10_RENDER_PLAN.json","not_started","","",""
"build_10","79","provider-down","#provider-down","0","0","build_10/BUILD_10_ARTIFACT_MANIFEST.md","build_10/BUILD_10_RENDER_PLAN.json","not_started","","",""
"build_10","80","dlq-review","#dlq-review","0","0","build_10/BUILD_10_ARTIFACT_MANIFEST.md","build_10/BUILD_10_RENDER_PLAN.json","not_started","","",""
"build_10","81","empty-state","#empty-state","0","0","build_10/BUILD_10_ARTIFACT_MANIFEST.md","build_10/BUILD_10_RENDER_PLAN.json","not_started","","",""
"build_10","82","validation-errors","#validation-errors","0","0","build_10/BUILD_10_ARTIFACT_MANIFEST.md","build_10/BUILD_10_RENDER_PLAN.json","not_started","","",""
"build_10","83","audit-evidence","#audit-evidence","0","0","build_10/BUILD_10_ARTIFACT_MANIFEST.md","build_10/BUILD_10_RENDER_PLAN.json","not_started","","",""
"build_10","84","api-contracts","#api-contracts","0","0","build_10/BUILD_10_ARTIFACT_MANIFEST.md","build_10/BUILD_10_RENDER_PLAN.json","not_started","","",""
"build_10","85","event-contracts","#event-contracts","0","0","build_10/BUILD_10_ARTIFACT_MANIFEST.md","build_10/BUILD_10_RENDER_PLAN.json","not_started","","",""
"build_10","86","migration-plan","#migration-plan","0","0","build_10/BUILD_10_ARTIFACT_MANIFEST.md","build_10/BUILD_10_RENDER_PLAN.json","not_started","","",""
"build_10","87","rollback-plan","#rollback-plan","0","0","build_10/BUILD_10_ARTIFACT_MANIFEST.md","build_10/BUILD_10_RENDER_PLAN.json","not_started","","",""
"build_10","88","acceptance-gates","#acceptance-gates","0","0","build_10/BUILD_10_ARTIFACT_MANIFEST.md","build_10/BUILD_10_RENDER_PLAN.json","not_started","","",""
"build_10","89","build11-handoff","#build11-handoff","0","0","build_10/BUILD_10_ARTIFACT_MANIFEST.md","build_10/BUILD_10_RENDER_PLAN.json","not_started","","",""
"build_10","90","contract-90","#contract-90","0","0","build_10/BUILD_10_ARTIFACT_MANIFEST.md","build_10/BUILD_10_RENDER_PLAN.json","not_started","","",""
"build_10","91","contract-91","#contract-91","0","0","build_10/BUILD_10_ARTIFACT_MANIFEST.md","build_10/BUILD_10_RENDER_PLAN.json","not_started","","",""
"build_10","92","contract-92","#contract-92","0","0","build_10/BUILD_10_ARTIFACT_MANIFEST.md","build_10/BUILD_10_RENDER_PLAN.json","not_started","","",""
"build_10","93","contract-93","#contract-93","0","0","build_10/BUILD_10_ARTIFACT_MANIFEST.md","build_10/BUILD_10_RENDER_PLAN.json","not_started","","",""
"build_10","94","contract-94","#contract-94","0","0","build_10/BUILD_10_ARTIFACT_MANIFEST.md","build_10/BUILD_10_RENDER_PLAN.json","not_started","","",""
"build_10","95","contract-95","#contract-95","0","0","build_10/BUILD_10_ARTIFACT_MANIFEST.md","build_10/BUILD_10_RENDER_PLAN.json","not_started","","",""
"build_10","96","contract-96","#contract-96","0","0","build_10/BUILD_10_ARTIFACT_MANIFEST.md","build_10/BUILD_10_RENDER_PLAN.json","not_started","","",""
"build_10","97","contract-97","#contract-97","0","0","build_10/BUILD_10_ARTIFACT_MANIFEST.md","build_10/BUILD_10_RENDER_PLAN.json","not_started","","",""
"build_10","98","contract-98","#contract-98","0","0","build_10/BUILD_10_ARTIFACT_MANIFEST.md","build_10/BUILD_10_RENDER_PLAN.json","not_started","","",""
"build_10","99","contract-99","#contract-99","0","0","build_10/BUILD_10_ARTIFACT_MANIFEST.md","build_10/BUILD_10_RENDER_PLAN.json","not_started","","",""
"build_10","100","contract-100","#contract-100","0","0","build_10/BUILD_10_ARTIFACT_MANIFEST.md","build_10/BUILD_10_RENDER_PLAN.json","not_started","","",""
"build_10","101","contract-101","#contract-101","0","0","build_10/BUILD_10_ARTIFACT_MANIFEST.md","build_10/BUILD_10_RENDER_PLAN.json","not_started","","",""
"build_10","102","contract-102","#contract-102","0","0","build_10/BUILD_10_ARTIFACT_MANIFEST.md","build_10/BUILD_10_RENDER_PLAN.json","not_started","","",""
"build_10","103","contract-103","#contract-103","0","0","build_10/BUILD_10_ARTIFACT_MANIFEST.md","build_10/BUILD_10_RENDER_PLAN.json","not_started","","",""
"build_10","104","contract-104","#contract-104","0","0","build_10/BUILD_10_ARTIFACT_MANIFEST.md","build_10/BUILD_10_RENDER_PLAN.json","not_started","","",""
"build_10","105","contract-105","#contract-105","0","0","build_10/BUILD_10_ARTIFACT_MANIFEST.md","build_10/BUILD_10_RENDER_PLAN.json","not_started","","",""
"build_10","106","contract-106","#contract-106","0","0","build_10/BUILD_10_ARTIFACT_MANIFEST.md","build_10/BUILD_10_RENDER_PLAN.json","not_started","","",""
"build_10","107","contract-107","#contract-107","0","0","build_10/BUILD_10_ARTIFACT_MANIFEST.md","build_10/BUILD_10_RENDER_PLAN.json","not_started","","",""
"build_10","108","contract-108","#contract-108","0","0","build_10/BUILD_10_ARTIFACT_MANIFEST.md","build_10/BUILD_10_RENDER_PLAN.json","not_started","","",""
"build_10","109","contract-109","#contract-109","0","0","build_10/BUILD_10_ARTIFACT_MANIFEST.md","build_10/BUILD_10_RENDER_PLAN.json","not_started","","",""
"build_10","110","contract-110","#contract-110","0","0","build_10/BUILD_10_ARTIFACT_MANIFEST.md","build_10/BUILD_10_RENDER_PLAN.json","not_started","","",""
"build_10","111","contract-111","#contract-111","0","0","build_10/BUILD_10_ARTIFACT_MANIFEST.md","build_10/BUILD_10_RENDER_PLAN.json","not_started","","",""
"build_10","112","contract-112","#contract-112","0","0","build_10/BUILD_10_ARTIFACT_MANIFEST.md","build_10/BUILD_10_RENDER_PLAN.json","not_started","","",""
"build_10","113","contract-113","#contract-113","0","0","build_10/BUILD_10_ARTIFACT_MANIFEST.md","build_10/BUILD_10_RENDER_PLAN.json","not_started","","",""
"build_10","114","contract-114","#contract-114","0","0","build_10/BUILD_10_ARTIFACT_MANIFEST.md","build_10/BUILD_10_RENDER_PLAN.json","not_started","","",""
"build_10","115","contract-115","#contract-115","0","0","build_10/BUILD_10_ARTIFACT_MANIFEST.md","build_10/BUILD_10_RENDER_PLAN.json","not_started","","",""
"build_10","116","contract-116","#contract-116","0","0","build_10/BUILD_10_ARTIFACT_MANIFEST.md","build_10/BUILD_10_RENDER_PLAN.json","not_started","","",""
"build_10","117","contract-117","#contract-117","0","0","build_10/BUILD_10_ARTIFACT_MANIFEST.md","build_10/BUILD_10_RENDER_PLAN.json","not_started","","",""
"build_10","118","contract-118","#contract-118","0","0","build_10/BUILD_10_ARTIFACT_MANIFEST.md","build_10/BUILD_10_RENDER_PLAN.json","not_started","","",""
"build_10","119","contract-119","#contract-119","0","0","build_10/BUILD_10_ARTIFACT_MANIFEST.md","build_10/BUILD_10_RENDER_PLAN.json","not_started","","",""
"build_10","120","contract-120","#contract-120","0","0","build_10/BUILD_10_ARTIFACT_MANIFEST.md","build_10/BUILD_10_RENDER_PLAN.json","not_started","","",""
"build_10","121","contract-121","#contract-121","0","0","build_10/BUILD_10_ARTIFACT_MANIFEST.md","build_10/BUILD_10_RENDER_PLAN.json","not_started","","",""
"build_10","122","architecture","#architecture","0","0","build_10/BUILD_10_ARTIFACT_MANIFEST.md","build_10/BUILD_10_RENDER_PLAN.json","not_started","","",""
"build_10","123","wireframes","#wireframes","0","0","build_10/BUILD_10_ARTIFACT_MANIFEST.md","build_10/BUILD_10_RENDER_PLAN.json","not_started","","",""
"build_10","124","iconography","#iconography","0","0","build_10/BUILD_10_ARTIFACT_MANIFEST.md","build_10/BUILD_10_RENDER_PLAN.json","not_started","","",""
"build_11","1","overview","#overview","0","0","build_11/BUILD_11_ARTIFACT_MANIFEST.md","build_11/BUILD_11_RENDER_PLAN.json","not_started","","",""
"build_11","2","security-posture","#security-posture","0","0","build_11/BUILD_11_ARTIFACT_MANIFEST.md","build_11/BUILD_11_RENDER_PLAN.json","not_started","","",""
"build_11","3","zero-trust","#zero-trust","0","0","build_11/BUILD_11_ARTIFACT_MANIFEST.md","build_11/BUILD_11_RENDER_PLAN.json","not_started","","",""
"build_11","4","iam","#iam","0","0","build_11/BUILD_11_ARTIFACT_MANIFEST.md","build_11/BUILD_11_RENDER_PLAN.json","not_started","","",""
"build_11","5","sod","#sod","0","0","build_11/BUILD_11_ARTIFACT_MANIFEST.md","build_11/BUILD_11_RENDER_PLAN.json","not_started","","",""
"build_11","6","pam","#pam","0","0","build_11/BUILD_11_ARTIFACT_MANIFEST.md","build_11/BUILD_11_RENDER_PLAN.json","not_started","","",""
"build_11","7","policy","#policy","0","0","build_11/BUILD_11_ARTIFACT_MANIFEST.md","build_11/BUILD_11_RENDER_PLAN.json","not_started","","",""
"build_11","8","data-classification","#data-classification","0","0","build_11/BUILD_11_ARTIFACT_MANIFEST.md","build_11/BUILD_11_RENDER_PLAN.json","not_started","","",""
"build_11","9","privacy","#privacy","0","0","build_11/BUILD_11_ARTIFACT_MANIFEST.md","build_11/BUILD_11_RENDER_PLAN.json","not_started","","",""
"build_11","10","minimization","#minimization","0","0","build_11/BUILD_11_ARTIFACT_MANIFEST.md","build_11/BUILD_11_RENDER_PLAN.json","not_started","","",""
"build_11","11","retention","#retention","0","0","build_11/BUILD_11_ARTIFACT_MANIFEST.md","build_11/BUILD_11_RENDER_PLAN.json","not_started","","",""
"build_11","12","legal-hold","#legal-hold","0","0","build_11/BUILD_11_ARTIFACT_MANIFEST.md","build_11/BUILD_11_RENDER_PLAN.json","not_started","","",""
"build_11","13","residency","#residency","0","0","build_11/BUILD_11_ARTIFACT_MANIFEST.md","build_11/BUILD_11_RENDER_PLAN.json","not_started","","",""
"build_11","14","encryption","#encryption","0","0","build_11/BUILD_11_ARTIFACT_MANIFEST.md","build_11/BUILD_11_RENDER_PLAN.json","not_started","","",""
"build_11","15","dlp","#dlp","0","0","build_11/BUILD_11_ARTIFACT_MANIFEST.md","build_11/BUILD_11_RENDER_PLAN.json","not_started","","",""
"build_11","16","secure-sdlc","#secure-sdlc","0","0","build_11/BUILD_11_ARTIFACT_MANIFEST.md","build_11/BUILD_11_RENDER_PLAN.json","not_started","","",""
"build_11","17","vulnerability","#vulnerability","0","0","build_11/BUILD_11_ARTIFACT_MANIFEST.md","build_11/BUILD_11_RENDER_PLAN.json","not_started","","",""
"build_11","18","threat","#threat","0","0","build_11/BUILD_11_ARTIFACT_MANIFEST.md","build_11/BUILD_11_RENDER_PLAN.json","not_started","","",""
"build_11","19","fraud","#fraud","0","0","build_11/BUILD_11_ARTIFACT_MANIFEST.md","build_11/BUILD_11_RENDER_PLAN.json","not_started","","",""
"build_11","20","vendor-risk","#vendor-risk","0","0","build_11/BUILD_11_ARTIFACT_MANIFEST.md","build_11/BUILD_11_RENDER_PLAN.json","not_started","","",""
"build_11","21","compliance","#compliance","0","0","build_11/BUILD_11_ARTIFACT_MANIFEST.md","build_11/BUILD_11_RENDER_PLAN.json","not_started","","",""
"build_11","22","control-testing","#control-testing","0","0","build_11/BUILD_11_ARTIFACT_MANIFEST.md","build_11/BUILD_11_RENDER_PLAN.json","not_started","","",""
"build_11","23","risk","#risk","0","0","build_11/BUILD_11_ARTIFACT_MANIFEST.md","build_11/BUILD_11_RENDER_PLAN.json","not_started","","",""
"build_11","24","exceptions","#exceptions","0","0","build_11/BUILD_11_ARTIFACT_MANIFEST.md","build_11/BUILD_11_RENDER_PLAN.json","not_started","","",""
"build_11","25","audit","#audit","0","0","build_11/BUILD_11_ARTIFACT_MANIFEST.md","build_11/BUILD_11_RENDER_PLAN.json","not_started","","",""
"build_11","26","records","#records","0","0","build_11/BUILD_11_ARTIFACT_MANIFEST.md","build_11/BUILD_11_RENDER_PLAN.json","not_started","","",""
"build_11","27","business-continuity","#business-continuity","0","0","build_11/BUILD_11_ARTIFACT_MANIFEST.md","build_11/BUILD_11_RENDER_PLAN.json","not_started","","",""
"build_11","28","governance","#governance","0","0","build_11/BUILD_11_ARTIFACT_MANIFEST.md","build_11/BUILD_11_RENDER_PLAN.json","not_started","","",""
"build_11","29","access-review","#access-review","0","0","build_11/BUILD_11_ARTIFACT_MANIFEST.md","build_11/BUILD_11_RENDER_PLAN.json","not_started","","",""
"build_11","30","certification-campaign","#certification-campaign","0","0","build_11/BUILD_11_ARTIFACT_MANIFEST.md","build_11/BUILD_11_RENDER_PLAN.json","not_started","","",""
"build_11","31","toxic-combinations","#toxic-combinations","0","0","build_11/BUILD_11_ARTIFACT_MANIFEST.md","build_11/BUILD_11_RENDER_PLAN.json","not_started","","",""
"build_11","32","privileged-request","#privileged-request","0","0","build_11/BUILD_11_ARTIFACT_MANIFEST.md","build_11/BUILD_11_RENDER_PLAN.json","not_started","","",""
"build_11","33","break-glass","#break-glass","0","0","build_11/BUILD_11_ARTIFACT_MANIFEST.md","build_11/BUILD_11_RENDER_PLAN.json","not_started","","",""
"build_11","34","policy-studio","#policy-studio","0","0","build_11/BUILD_11_ARTIFACT_MANIFEST.md","build_11/BUILD_11_RENDER_PLAN.json","not_started","","",""
"build_11","35","policy-simulation","#policy-simulation","0","0","build_11/BUILD_11_ARTIFACT_MANIFEST.md","build_11/BUILD_11_RENDER_PLAN.json","not_started","","",""
"build_11","36","data-inventory","#data-inventory","0","0","build_11/BUILD_11_ARTIFACT_MANIFEST.md","build_11/BUILD_11_RENDER_PLAN.json","not_started","","",""
"build_11","37","classification-review","#classification-review","0","0","build_11/BUILD_11_ARTIFACT_MANIFEST.md","build_11/BUILD_11_RENDER_PLAN.json","not_started","","",""
"build_11","38","privacy-request","#privacy-request","0","0","build_11/BUILD_11_ARTIFACT_MANIFEST.md","build_11/BUILD_11_RENDER_PLAN.json","not_started","","",""
"build_11","39","privacy-impact","#privacy-impact","0","0","build_11/BUILD_11_ARTIFACT_MANIFEST.md","build_11/BUILD_11_RENDER_PLAN.json","not_started","","",""
"build_11","40","minimization-review","#minimization-review","0","0","build_11/BUILD_11_ARTIFACT_MANIFEST.md","build_11/BUILD_11_RENDER_PLAN.json","not_started","","",""
"build_11","41","retention-schedules","#retention-schedules","0","0","build_11/BUILD_11_ARTIFACT_MANIFEST.md","build_11/BUILD_11_RENDER_PLAN.json","not_started","","",""
"build_11","42","disposal-queue","#disposal-queue","0","0","build_11/BUILD_11_ARTIFACT_MANIFEST.md","build_11/BUILD_11_RENDER_PLAN.json","not_started","","",""
"build_11","43","legal-holds","#legal-holds","0","0","build_11/BUILD_11_ARTIFACT_MANIFEST.md","build_11/BUILD_11_RENDER_PLAN.json","not_started","","",""
"build_11","44","ediscovery-export","#ediscovery-export","0","0","build_11/BUILD_11_ARTIFACT_MANIFEST.md","build_11/BUILD_11_RENDER_PLAN.json","not_started","","",""
"build_11","45","residency-map","#residency-map","0","0","build_11/BUILD_11_ARTIFACT_MANIFEST.md","build_11/BUILD_11_RENDER_PLAN.json","not_started","","",""
"build_11","46","key-rotation","#key-rotation","0","0","build_11/BUILD_11_ARTIFACT_MANIFEST.md","build_11/BUILD_11_RENDER_PLAN.json","not_started","","",""
"build_11","47","dlp-incidents","#dlp-incidents","0","0","build_11/BUILD_11_ARTIFACT_MANIFEST.md","build_11/BUILD_11_RENDER_PLAN.json","not_started","","",""
"build_11","48","secure-design-review","#secure-design-review","0","0","build_11/BUILD_11_ARTIFACT_MANIFEST.md","build_11/BUILD_11_RENDER_PLAN.json","not_started","","",""
"build_11","49","release-security-gate","#release-security-gate","0","0","build_11/BUILD_11_ARTIFACT_MANIFEST.md","build_11/BUILD_11_RENDER_PLAN.json","not_started","","",""
"build_11","50","dependency-inventory","#dependency-inventory","0","0","build_11/BUILD_11_ARTIFACT_MANIFEST.md","build_11/BUILD_11_RENDER_PLAN.json","not_started","","",""
"build_11","51","vulnerability-queue","#vulnerability-queue","0","0","build_11/BUILD_11_ARTIFACT_MANIFEST.md","build_11/BUILD_11_RENDER_PLAN.json","not_started","","",""
"build_11","52","threat-investigation","#threat-investigation","0","0","build_11/BUILD_11_ARTIFACT_MANIFEST.md","build_11/BUILD_11_RENDER_PLAN.json","not_started","","",""
"build_11","53","incident-command","#incident-command","0","0","build_11/BUILD_11_ARTIFACT_MANIFEST.md","build_11/BUILD_11_RENDER_PLAN.json","not_started","","",""
"build_11","54","fraud-review","#fraud-review","0","0","build_11/BUILD_11_ARTIFACT_MANIFEST.md","build_11/BUILD_11_RENDER_PLAN.json","not_started","","",""
"build_11","55","vendor-assessments","#vendor-assessments","0","0","build_11/BUILD_11_ARTIFACT_MANIFEST.md","build_11/BUILD_11_RENDER_PLAN.json","not_started","","",""
"build_11","56","subprocessors","#subprocessors","0","0","build_11/BUILD_11_ARTIFACT_MANIFEST.md","build_11/BUILD_11_RENDER_PLAN.json","not_started","","",""
"build_11","57","framework-mapping","#framework-mapping","0","0","build_11/BUILD_11_ARTIFACT_MANIFEST.md","build_11/BUILD_11_RENDER_PLAN.json","not_started","","",""
"build_11","58","control-library","#control-library","0","0","build_11/BUILD_11_ARTIFACT_MANIFEST.md","build_11/BUILD_11_RENDER_PLAN.json","not_started","","",""
"build_11","59","control-testing","#control-testing","0","0","build_11/BUILD_11_ARTIFACT_MANIFEST.md","build_11/BUILD_11_RENDER_PLAN.json","not_started","","",""
"build_11","60","evidence-vault","#evidence-vault","0","0","build_11/BUILD_11_ARTIFACT_MANIFEST.md","build_11/BUILD_11_RENDER_PLAN.json","not_started","","",""
"build_11","61","risk-register","#risk-register","0","0","build_11/BUILD_11_ARTIFACT_MANIFEST.md","build_11/BUILD_11_RENDER_PLAN.json","not_started","","",""
"build_11","62","risk-treatment","#risk-treatment","0","0","build_11/BUILD_11_ARTIFACT_MANIFEST.md","build_11/BUILD_11_RENDER_PLAN.json","not_started","","",""
"build_11","63","exception-review","#exception-review","0","0","build_11/BUILD_11_ARTIFACT_MANIFEST.md","build_11/BUILD_11_RENDER_PLAN.json","not_started","","",""
"build_11","64","audit-engagements","#audit-engagements","0","0","build_11/BUILD_11_ARTIFACT_MANIFEST.md","build_11/BUILD_11_RENDER_PLAN.json","not_started","","",""
"build_11","65","audit-findings","#audit-findings","0","0","build_11/BUILD_11_ARTIFACT_MANIFEST.md","build_11/BUILD_11_RENDER_PLAN.json","not_started","","",""
"build_11","66","records-catalog","#records-catalog","0","0","build_11/BUILD_11_ARTIFACT_MANIFEST.md","build_11/BUILD_11_RENDER_PLAN.json","not_started","","",""
"build_11","67","continuity-governance","#continuity-governance","0","0","build_11/BUILD_11_ARTIFACT_MANIFEST.md","build_11/BUILD_11_RENDER_PLAN.json","not_started","","",""
"build_11","68","governance-committee","#governance-committee","0","0","build_11/BUILD_11_ARTIFACT_MANIFEST.md","build_11/BUILD_11_RENDER_PLAN.json","not_started","","",""
"build_11","69","attestations","#attestations","0","0","build_11/BUILD_11_ARTIFACT_MANIFEST.md","build_11/BUILD_11_RENDER_PLAN.json","not_started","","",""
"build_11","70","cross-tenant-block","#cross-tenant-block","0","0","build_11/BUILD_11_ARTIFACT_MANIFEST.md","build_11/BUILD_11_RENDER_PLAN.json","not_started","","",""
"build_11","71","untrusted-device","#untrusted-device","0","0","build_11/BUILD_11_ARTIFACT_MANIFEST.md","build_11/BUILD_11_RENDER_PLAN.json","not_started","","",""
"build_11","72","step-up-required","#step-up-required","0","0","build_11/BUILD_11_ARTIFACT_MANIFEST.md","build_11/BUILD_11_RENDER_PLAN.json","not_started","","",""
"build_11","73","toxic-access-block","#toxic-access-block","0","0","build_11/BUILD_11_ARTIFACT_MANIFEST.md","build_11/BUILD_11_RENDER_PLAN.json","not_started","","",""
"build_11","74","expired-privilege","#expired-privilege","0","0","build_11/BUILD_11_ARTIFACT_MANIFEST.md","build_11/BUILD_11_RENDER_PLAN.json","not_started","","",""
"build_11","75","missing-purpose","#missing-purpose","0","0","build_11/BUILD_11_ARTIFACT_MANIFEST.md","build_11/BUILD_11_RENDER_PLAN.json","not_started","","",""
"build_11","76","minimization-block","#minimization-block","0","0","build_11/BUILD_11_ARTIFACT_MANIFEST.md","build_11/BUILD_11_RENDER_PLAN.json","not_started","","",""
"build_11","77","legal-hold-conflict","#legal-hold-conflict","0","0","build_11/BUILD_11_ARTIFACT_MANIFEST.md","build_11/BUILD_11_RENDER_PLAN.json","not_started","","",""
"build_11","78","residency-block","#residency-block","0","0","build_11/BUILD_11_ARTIFACT_MANIFEST.md","build_11/BUILD_11_RENDER_PLAN.json","not_started","","",""
"build_11","79","dlp-block","#dlp-block","0","0","build_11/BUILD_11_ARTIFACT_MANIFEST.md","build_11/BUILD_11_RENDER_PLAN.json","not_started","","",""
"build_11","80","vulnerability-breach","#vulnerability-breach","0","0","build_11/BUILD_11_ARTIFACT_MANIFEST.md","build_11/BUILD_11_RENDER_PLAN.json","not_started","","",""
"build_11","81","incident-containment","#incident-containment","0","0","build_11/BUILD_11_ARTIFACT_MANIFEST.md","build_11/BUILD_11_RENDER_PLAN.json","not_started","","",""
"build_11","82","expired-exception","#expired-exception","0","0","build_11/BUILD_11_ARTIFACT_MANIFEST.md","build_11/BUILD_11_RENDER_PLAN.json","not_started","","",""
"build_11","83","empty-state","#empty-state","0","0","build_11/BUILD_11_ARTIFACT_MANIFEST.md","build_11/BUILD_11_RENDER_PLAN.json","not_started","","",""
"build_11","84","validation-errors","#validation-errors","0","0","build_11/BUILD_11_ARTIFACT_MANIFEST.md","build_11/BUILD_11_RENDER_PLAN.json","not_started","","",""
"build_11","85","audit-export","#audit-export","0","0","build_11/BUILD_11_ARTIFACT_MANIFEST.md","build_11/BUILD_11_RENDER_PLAN.json","not_started","","",""
"build_11","86","api-contracts","#api-contracts","0","0","build_11/BUILD_11_ARTIFACT_MANIFEST.md","build_11/BUILD_11_RENDER_PLAN.json","not_started","","",""
"build_11","87","migration-plan","#migration-plan","0","0","build_11/BUILD_11_ARTIFACT_MANIFEST.md","build_11/BUILD_11_RENDER_PLAN.json","not_started","","",""
"build_11","88","rollback-plan","#rollback-plan","0","0","build_11/BUILD_11_ARTIFACT_MANIFEST.md","build_11/BUILD_11_RENDER_PLAN.json","not_started","","",""
"build_11","89","acceptance-gates","#acceptance-gates","0","0","build_11/BUILD_11_ARTIFACT_MANIFEST.md","build_11/BUILD_11_RENDER_PLAN.json","not_started","","",""
"build_11","90","build12-handoff","#build12-handoff","0","0","build_11/BUILD_11_ARTIFACT_MANIFEST.md","build_11/BUILD_11_RENDER_PLAN.json","not_started","","",""
"build_11","91","control-91","#control-91","0","0","build_11/BUILD_11_ARTIFACT_MANIFEST.md","build_11/BUILD_11_RENDER_PLAN.json","not_started","","",""
"build_11","92","control-92","#control-92","0","0","build_11/BUILD_11_ARTIFACT_MANIFEST.md","build_11/BUILD_11_RENDER_PLAN.json","not_started","","",""
"build_11","93","control-93","#control-93","0","0","build_11/BUILD_11_ARTIFACT_MANIFEST.md","build_11/BUILD_11_RENDER_PLAN.json","not_started","","",""
"build_11","94","control-94","#control-94","0","0","build_11/BUILD_11_ARTIFACT_MANIFEST.md","build_11/BUILD_11_RENDER_PLAN.json","not_started","","",""
"build_11","95","control-95","#control-95","0","0","build_11/BUILD_11_ARTIFACT_MANIFEST.md","build_11/BUILD_11_RENDER_PLAN.json","not_started","","",""
"build_11","96","control-96","#control-96","0","0","build_11/BUILD_11_ARTIFACT_MANIFEST.md","build_11/BUILD_11_RENDER_PLAN.json","not_started","","",""
"build_11","97","control-97","#control-97","0","0","build_11/BUILD_11_ARTIFACT_MANIFEST.md","build_11/BUILD_11_RENDER_PLAN.json","not_started","","",""
"build_11","98","control-98","#control-98","0","0","build_11/BUILD_11_ARTIFACT_MANIFEST.md","build_11/BUILD_11_RENDER_PLAN.json","not_started","","",""
"build_11","99","control-99","#control-99","0","0","build_11/BUILD_11_ARTIFACT_MANIFEST.md","build_11/BUILD_11_RENDER_PLAN.json","not_started","","",""
"build_11","100","control-100","#control-100","0","0","build_11/BUILD_11_ARTIFACT_MANIFEST.md","build_11/BUILD_11_RENDER_PLAN.json","not_started","","",""
"build_11","101","control-101","#control-101","0","0","build_11/BUILD_11_ARTIFACT_MANIFEST.md","build_11/BUILD_11_RENDER_PLAN.json","not_started","","",""
"build_11","102","control-102","#control-102","0","0","build_11/BUILD_11_ARTIFACT_MANIFEST.md","build_11/BUILD_11_RENDER_PLAN.json","not_started","","",""
"build_11","103","control-103","#control-103","0","0","build_11/BUILD_11_ARTIFACT_MANIFEST.md","build_11/BUILD_11_RENDER_PLAN.json","not_started","","",""
"build_11","104","control-104","#control-104","0","0","build_11/BUILD_11_ARTIFACT_MANIFEST.md","build_11/BUILD_11_RENDER_PLAN.json","not_started","","",""
"build_11","105","control-105","#control-105","0","0","build_11/BUILD_11_ARTIFACT_MANIFEST.md","build_11/BUILD_11_RENDER_PLAN.json","not_started","","",""
"build_11","106","control-106","#control-106","0","0","build_11/BUILD_11_ARTIFACT_MANIFEST.md","build_11/BUILD_11_RENDER_PLAN.json","not_started","","",""
"build_11","107","control-107","#control-107","0","0","build_11/BUILD_11_ARTIFACT_MANIFEST.md","build_11/BUILD_11_RENDER_PLAN.json","not_started","","",""
"build_11","108","control-108","#control-108","0","0","build_11/BUILD_11_ARTIFACT_MANIFEST.md","build_11/BUILD_11_RENDER_PLAN.json","not_started","","",""
"build_11","109","control-109","#control-109","0","0","build_11/BUILD_11_ARTIFACT_MANIFEST.md","build_11/BUILD_11_RENDER_PLAN.json","not_started","","",""
"build_11","110","control-110","#control-110","0","0","build_11/BUILD_11_ARTIFACT_MANIFEST.md","build_11/BUILD_11_RENDER_PLAN.json","not_started","","",""
"build_11","111","control-111","#control-111","0","0","build_11/BUILD_11_ARTIFACT_MANIFEST.md","build_11/BUILD_11_RENDER_PLAN.json","not_started","","",""
"build_11","112","control-112","#control-112","0","0","build_11/BUILD_11_ARTIFACT_MANIFEST.md","build_11/BUILD_11_RENDER_PLAN.json","not_started","","",""
"build_11","113","control-113","#control-113","0","0","build_11/BUILD_11_ARTIFACT_MANIFEST.md","build_11/BUILD_11_RENDER_PLAN.json","not_started","","",""
"build_11","114","control-114","#control-114","0","0","build_11/BUILD_11_ARTIFACT_MANIFEST.md","build_11/BUILD_11_RENDER_PLAN.json","not_started","","",""
"build_11","115","control-115","#control-115","0","0","build_11/BUILD_11_ARTIFACT_MANIFEST.md","build_11/BUILD_11_RENDER_PLAN.json","not_started","","",""
"build_11","116","control-116","#control-116","0","0","build_11/BUILD_11_ARTIFACT_MANIFEST.md","build_11/BUILD_11_RENDER_PLAN.json","not_started","","",""
"build_11","117","control-117","#control-117","0","0","build_11/BUILD_11_ARTIFACT_MANIFEST.md","build_11/BUILD_11_RENDER_PLAN.json","not_started","","",""
"build_11","118","control-118","#control-118","0","0","build_11/BUILD_11_ARTIFACT_MANIFEST.md","build_11/BUILD_11_RENDER_PLAN.json","not_started","","",""
"build_11","119","control-119","#control-119","0","0","build_11/BUILD_11_ARTIFACT_MANIFEST.md","build_11/BUILD_11_RENDER_PLAN.json","not_started","","",""
"build_11","120","control-120","#control-120","0","0","build_11/BUILD_11_ARTIFACT_MANIFEST.md","build_11/BUILD_11_RENDER_PLAN.json","not_started","","",""
"build_11","121","control-121","#control-121","0","0","build_11/BUILD_11_ARTIFACT_MANIFEST.md","build_11/BUILD_11_RENDER_PLAN.json","not_started","","",""
"build_11","122","control-122","#control-122","0","0","build_11/BUILD_11_ARTIFACT_MANIFEST.md","build_11/BUILD_11_RENDER_PLAN.json","not_started","","",""
"build_11","123","control-123","#control-123","0","0","build_11/BUILD_11_ARTIFACT_MANIFEST.md","build_11/BUILD_11_RENDER_PLAN.json","not_started","","",""
"build_11","124","control-124","#control-124","0","0","build_11/BUILD_11_ARTIFACT_MANIFEST.md","build_11/BUILD_11_RENDER_PLAN.json","not_started","","",""
"build_11","125","control-125","#control-125","0","0","build_11/BUILD_11_ARTIFACT_MANIFEST.md","build_11/BUILD_11_RENDER_PLAN.json","not_started","","",""
"build_11","126","control-126","#control-126","0","0","build_11/BUILD_11_ARTIFACT_MANIFEST.md","build_11/BUILD_11_RENDER_PLAN.json","not_started","","",""
"build_11","127","control-127","#control-127","0","0","build_11/BUILD_11_ARTIFACT_MANIFEST.md","build_11/BUILD_11_RENDER_PLAN.json","not_started","","",""
"build_11","128","control-128","#control-128","0","0","build_11/BUILD_11_ARTIFACT_MANIFEST.md","build_11/BUILD_11_RENDER_PLAN.json","not_started","","",""
"build_11","129","control-129","#control-129","0","0","build_11/BUILD_11_ARTIFACT_MANIFEST.md","build_11/BUILD_11_RENDER_PLAN.json","not_started","","",""
"build_11","130","architecture","#architecture","0","0","build_11/BUILD_11_ARTIFACT_MANIFEST.md","build_11/BUILD_11_RENDER_PLAN.json","not_started","","",""
"build_11","131","wireframes","#wireframes","0","0","build_11/BUILD_11_ARTIFACT_MANIFEST.md","build_11/BUILD_11_RENDER_PLAN.json","not_started","","",""
"build_11","132","iconography","#iconography","0","0","build_11/BUILD_11_ARTIFACT_MANIFEST.md","build_11/BUILD_11_RENDER_PLAN.json","not_started","","",""
"build_12","1","overview","#overview","0","0","build_12/BUILD_12_ARTIFACT_MANIFEST.md","build_12/BUILD_12_RENDER_PLAN.json","not_started","","",""
"build_12","2","experience-shell","#experience-shell","0","0","build_12/BUILD_12_ARTIFACT_MANIFEST.md","build_12/BUILD_12_RENDER_PLAN.json","not_started","","",""
"build_12","3","role-workspaces","#role-workspaces","0","0","build_12/BUILD_12_ARTIFACT_MANIFEST.md","build_12/BUILD_12_RENDER_PLAN.json","not_started","","",""
"build_12","4","navigation","#navigation","0","0","build_12/BUILD_12_ARTIFACT_MANIFEST.md","build_12/BUILD_12_RENDER_PLAN.json","not_started","","",""
"build_12","5","command-palette","#command-palette","0","0","build_12/BUILD_12_ARTIFACT_MANIFEST.md","build_12/BUILD_12_RENDER_PLAN.json","not_started","","",""
"build_12","6","global-search","#global-search","0","0","build_12/BUILD_12_ARTIFACT_MANIFEST.md","build_12/BUILD_12_RENDER_PLAN.json","not_started","","",""
"build_12","7","saved-views","#saved-views","0","0","build_12/BUILD_12_ARTIFACT_MANIFEST.md","build_12/BUILD_12_RENDER_PLAN.json","not_started","","",""
"build_12","8","design-system","#design-system","0","0","build_12/BUILD_12_ARTIFACT_MANIFEST.md","build_12/BUILD_12_RENDER_PLAN.json","not_started","","",""
"build_12","9","accessibility","#accessibility","0","0","build_12/BUILD_12_ARTIFACT_MANIFEST.md","build_12/BUILD_12_RENDER_PLAN.json","not_started","","",""
"build_12","10","responsive","#responsive","0","0","build_12/BUILD_12_ARTIFACT_MANIFEST.md","build_12/BUILD_12_RENDER_PLAN.json","not_started","","",""
"build_12","11","localization","#localization","0","0","build_12/BUILD_12_ARTIFACT_MANIFEST.md","build_12/BUILD_12_RENDER_PLAN.json","not_started","","",""
"build_12","12","notifications","#notifications","0","0","build_12/BUILD_12_ARTIFACT_MANIFEST.md","build_12/BUILD_12_RENDER_PLAN.json","not_started","","",""
"build_12","13","inbox","#inbox","0","0","build_12/BUILD_12_ARTIFACT_MANIFEST.md","build_12/BUILD_12_RENDER_PLAN.json","not_started","","",""
"build_12","14","onboarding","#onboarding","0","0","build_12/BUILD_12_ARTIFACT_MANIFEST.md","build_12/BUILD_12_RENDER_PLAN.json","not_started","","",""
"build_12","15","help","#help","0","0","build_12/BUILD_12_ARTIFACT_MANIFEST.md","build_12/BUILD_12_RENDER_PLAN.json","not_started","","",""
"build_12","16","configuration","#configuration","0","0","build_12/BUILD_12_ARTIFACT_MANIFEST.md","build_12/BUILD_12_RENDER_PLAN.json","not_started","","",""
"build_12","17","workflow-config","#workflow-config","0","0","build_12/BUILD_12_ARTIFACT_MANIFEST.md","build_12/BUILD_12_RENDER_PLAN.json","not_started","","",""
"build_12","18","form-config","#form-config","0","0","build_12/BUILD_12_ARTIFACT_MANIFEST.md","build_12/BUILD_12_RENDER_PLAN.json","not_started","","",""
"build_12","19","policy-config","#policy-config","0","0","build_12/BUILD_12_ARTIFACT_MANIFEST.md","build_12/BUILD_12_RENDER_PLAN.json","not_started","","",""
"build_12","20","branding","#branding","0","0","build_12/BUILD_12_ARTIFACT_MANIFEST.md","build_12/BUILD_12_RENDER_PLAN.json","not_started","","",""
"build_12","21","admin-center","#admin-center","0","0","build_12/BUILD_12_ARTIFACT_MANIFEST.md","build_12/BUILD_12_RENDER_PLAN.json","not_started","","",""
"build_12","22","delegated-admin","#delegated-admin","0","0","build_12/BUILD_12_ARTIFACT_MANIFEST.md","build_12/BUILD_12_RENDER_PLAN.json","not_started","","",""
"build_12","23","support","#support","0","0","build_12/BUILD_12_ARTIFACT_MANIFEST.md","build_12/BUILD_12_RENDER_PLAN.json","not_started","","",""
"build_12","24","feedback","#feedback","0","0","build_12/BUILD_12_ARTIFACT_MANIFEST.md","build_12/BUILD_12_RENDER_PLAN.json","not_started","","",""
"build_12","25","release-readiness","#release-readiness","0","0","build_12/BUILD_12_ARTIFACT_MANIFEST.md","build_12/BUILD_12_RENDER_PLAN.json","not_started","","",""
"build_12","26","environment-promotion","#environment-promotion","0","0","build_12/BUILD_12_ARTIFACT_MANIFEST.md","build_12/BUILD_12_RENDER_PLAN.json","not_started","","",""
"build_12","27","feature-rollout","#feature-rollout","0","0","build_12/BUILD_12_ARTIFACT_MANIFEST.md","build_12/BUILD_12_RENDER_PLAN.json","not_started","","",""
"build_12","28","migration-readiness","#migration-readiness","0","0","build_12/BUILD_12_ARTIFACT_MANIFEST.md","build_12/BUILD_12_RENDER_PLAN.json","not_started","","",""
"build_12","29","operational-readiness","#operational-readiness","0","0","build_12/BUILD_12_ARTIFACT_MANIFEST.md","build_12/BUILD_12_RENDER_PLAN.json","not_started","","",""
"build_12","30","go-live","#go-live","0","0","build_12/BUILD_12_ARTIFACT_MANIFEST.md","build_12/BUILD_12_RENDER_PLAN.json","not_started","","",""
"build_12","31","my-work","#my-work","0","0","build_12/BUILD_12_ARTIFACT_MANIFEST.md","build_12/BUILD_12_RENDER_PLAN.json","not_started","","",""
"build_12","32","commercial-workspace","#commercial-workspace","0","0","build_12/BUILD_12_ARTIFACT_MANIFEST.md","build_12/BUILD_12_RENDER_PLAN.json","not_started","","",""
"build_12","33","procurement-workspace","#procurement-workspace","0","0","build_12/BUILD_12_ARTIFACT_MANIFEST.md","build_12/BUILD_12_RENDER_PLAN.json","not_started","","",""
"build_12","34","operations-workspace","#operations-workspace","0","0","build_12/BUILD_12_ARTIFACT_MANIFEST.md","build_12/BUILD_12_RENDER_PLAN.json","not_started","","",""
"build_12","35","finance-workspace","#finance-workspace","0","0","build_12/BUILD_12_ARTIFACT_MANIFEST.md","build_12/BUILD_12_RENDER_PLAN.json","not_started","","",""
"build_12","36","admin-workspace","#admin-workspace","0","0","build_12/BUILD_12_ARTIFACT_MANIFEST.md","build_12/BUILD_12_RENDER_PLAN.json","not_started","","",""
"build_12","37","record-context","#record-context","0","0","build_12/BUILD_12_ARTIFACT_MANIFEST.md","build_12/BUILD_12_RENDER_PLAN.json","not_started","","",""
"build_12","38","keyboard-map","#keyboard-map","0","0","build_12/BUILD_12_ARTIFACT_MANIFEST.md","build_12/BUILD_12_RENDER_PLAN.json","not_started","","",""
"build_12","39","search-results","#search-results","0","0","build_12/BUILD_12_ARTIFACT_MANIFEST.md","build_12/BUILD_12_RENDER_PLAN.json","not_started","","",""
"build_12","40","redacted-results","#redacted-results","0","0","build_12/BUILD_12_ARTIFACT_MANIFEST.md","build_12/BUILD_12_RENDER_PLAN.json","not_started","","",""
"build_12","41","saved-view-builder","#saved-view-builder","0","0","build_12/BUILD_12_ARTIFACT_MANIFEST.md","build_12/BUILD_12_RENDER_PLAN.json","not_started","","",""
"build_12","42","queue-builder","#queue-builder","0","0","build_12/BUILD_12_ARTIFACT_MANIFEST.md","build_12/BUILD_12_RENDER_PLAN.json","not_started","","",""
"build_12","43","token-library","#token-library","0","0","build_12/BUILD_12_ARTIFACT_MANIFEST.md","build_12/BUILD_12_RENDER_PLAN.json","not_started","","",""
"build_12","44","component-catalog","#component-catalog","0","0","build_12/BUILD_12_ARTIFACT_MANIFEST.md","build_12/BUILD_12_RENDER_PLAN.json","not_started","","",""
"build_12","45","accessibility-audit","#accessibility-audit","0","0","build_12/BUILD_12_ARTIFACT_MANIFEST.md","build_12/BUILD_12_RENDER_PLAN.json","not_started","","",""
"build_12","46","keyboard-test","#keyboard-test","0","0","build_12/BUILD_12_ARTIFACT_MANIFEST.md","build_12/BUILD_12_RENDER_PLAN.json","not_started","","",""
"build_12","47","screen-reader-test","#screen-reader-test","0","0","build_12/BUILD_12_ARTIFACT_MANIFEST.md","build_12/BUILD_12_RENDER_PLAN.json","not_started","","",""
"build_12","48","responsive-preview","#responsive-preview","0","0","build_12/BUILD_12_ARTIFACT_MANIFEST.md","build_12/BUILD_12_RENDER_PLAN.json","not_started","","",""
"build_12","49","locale-preview","#locale-preview","0","0","build_12/BUILD_12_ARTIFACT_MANIFEST.md","build_12/BUILD_12_RENDER_PLAN.json","not_started","","",""
"build_12","50","terminology-editor","#terminology-editor","0","0","build_12/BUILD_12_ARTIFACT_MANIFEST.md","build_12/BUILD_12_RENDER_PLAN.json","not_started","","",""
"build_12","51","notification-preferences","#notification-preferences","0","0","build_12/BUILD_12_ARTIFACT_MANIFEST.md","build_12/BUILD_12_RENDER_PLAN.json","not_started","","",""
"build_12","52","quiet-hours","#quiet-hours","0","0","build_12/BUILD_12_ARTIFACT_MANIFEST.md","build_12/BUILD_12_RENDER_PLAN.json","not_started","","",""
"build_12","53","approval-inbox","#approval-inbox","0","0","build_12/BUILD_12_ARTIFACT_MANIFEST.md","build_12/BUILD_12_RENDER_PLAN.json","not_started","","",""
"build_12","54","onboarding-checklist","#onboarding-checklist","0","0","build_12/BUILD_12_ARTIFACT_MANIFEST.md","build_12/BUILD_12_RENDER_PLAN.json","not_started","","",""
"build_12","55","tenant-setup","#tenant-setup","0","0","build_12/BUILD_12_ARTIFACT_MANIFEST.md","build_12/BUILD_12_RENDER_PLAN.json","not_started","","",""
"build_12","56","role-setup","#role-setup","0","0","build_12/BUILD_12_ARTIFACT_MANIFEST.md","build_12/BUILD_12_RENDER_PLAN.json","not_started","","",""
"build_12","57","help-editor","#help-editor","0","0","build_12/BUILD_12_ARTIFACT_MANIFEST.md","build_12/BUILD_12_RENDER_PLAN.json","not_started","","",""
"build_12","58","configuration-catalog","#configuration-catalog","0","0","build_12/BUILD_12_ARTIFACT_MANIFEST.md","build_12/BUILD_12_RENDER_PLAN.json","not_started","","",""
"build_12","59","configuration-editor","#configuration-editor","0","0","build_12/BUILD_12_ARTIFACT_MANIFEST.md","build_12/BUILD_12_RENDER_PLAN.json","not_started","","",""
"build_12","60","configuration-diff","#configuration-diff","0","0","build_12/BUILD_12_ARTIFACT_MANIFEST.md","build_12/BUILD_12_RENDER_PLAN.json","not_started","","",""
"build_12","61","configuration-validation","#configuration-validation","0","0","build_12/BUILD_12_ARTIFACT_MANIFEST.md","build_12/BUILD_12_RENDER_PLAN.json","not_started","","",""
"build_12","62","configuration-simulation","#configuration-simulation","0","0","build_12/BUILD_12_ARTIFACT_MANIFEST.md","build_12/BUILD_12_RENDER_PLAN.json","not_started","","",""
"build_12","63","configuration-approval","#configuration-approval","0","0","build_12/BUILD_12_ARTIFACT_MANIFEST.md","build_12/BUILD_12_RENDER_PLAN.json","not_started","","",""
"build_12","64","configuration-publish","#configuration-publish","0","0","build_12/BUILD_12_ARTIFACT_MANIFEST.md","build_12/BUILD_12_RENDER_PLAN.json","not_started","","",""
"build_12","65","configuration-history","#configuration-history","0","0","build_12/BUILD_12_ARTIFACT_MANIFEST.md","build_12/BUILD_12_RENDER_PLAN.json","not_started","","",""
"build_12","66","configuration-rollback","#configuration-rollback","0","0","build_12/BUILD_12_ARTIFACT_MANIFEST.md","build_12/BUILD_12_RENDER_PLAN.json","not_started","","",""
"build_12","67","workflow-designer","#workflow-designer","0","0","build_12/BUILD_12_ARTIFACT_MANIFEST.md","build_12/BUILD_12_RENDER_PLAN.json","not_started","","",""
"build_12","68","transition-guard","#transition-guard","0","0","build_12/BUILD_12_ARTIFACT_MANIFEST.md","build_12/BUILD_12_RENDER_PLAN.json","not_started","","",""
"build_12","69","sla-editor","#sla-editor","0","0","build_12/BUILD_12_ARTIFACT_MANIFEST.md","build_12/BUILD_12_RENDER_PLAN.json","not_started","","",""
"build_12","70","form-builder","#form-builder","0","0","build_12/BUILD_12_ARTIFACT_MANIFEST.md","build_12/BUILD_12_RENDER_PLAN.json","not_started","","",""
"build_12","71","field-library","#field-library","0","0","build_12/BUILD_12_ARTIFACT_MANIFEST.md","build_12/BUILD_12_RENDER_PLAN.json","not_started","","",""
"build_12","72","policy-binding","#policy-binding","0","0","build_12/BUILD_12_ARTIFACT_MANIFEST.md","build_12/BUILD_12_RENDER_PLAN.json","not_started","","",""
"build_12","73","theme-editor","#theme-editor","0","0","build_12/BUILD_12_ARTIFACT_MANIFEST.md","build_12/BUILD_12_RENDER_PLAN.json","not_started","","",""
"build_12","74","theme-contrast","#theme-contrast","0","0","build_12/BUILD_12_ARTIFACT_MANIFEST.md","build_12/BUILD_12_RENDER_PLAN.json","not_started","","",""
"build_12","75","user-admin","#user-admin","0","0","build_12/BUILD_12_ARTIFACT_MANIFEST.md","build_12/BUILD_12_RENDER_PLAN.json","not_started","","",""
"build_12","76","team-admin","#team-admin","0","0","build_12/BUILD_12_ARTIFACT_MANIFEST.md","build_12/BUILD_12_RENDER_PLAN.json","not_started","","",""
"build_12","77","role-admin","#role-admin","0","0","build_12/BUILD_12_ARTIFACT_MANIFEST.md","build_12/BUILD_12_RENDER_PLAN.json","not_started","","",""
"build_12","78","domain-admin","#domain-admin","0","0","build_12/BUILD_12_ARTIFACT_MANIFEST.md","build_12/BUILD_12_RENDER_PLAN.json","not_started","","",""
"build_12","79","subscription-admin","#subscription-admin","0","0","build_12/BUILD_12_ARTIFACT_MANIFEST.md","build_12/BUILD_12_RENDER_PLAN.json","not_started","","",""
"build_12","80","delegated-admin-request","#delegated-admin-request","0","0","build_12/BUILD_12_ARTIFACT_MANIFEST.md","build_12/BUILD_12_RENDER_PLAN.json","not_started","","",""
"build_12","81","support-center","#support-center","0","0","build_12/BUILD_12_ARTIFACT_MANIFEST.md","build_12/BUILD_12_RENDER_PLAN.json","not_started","","",""
"build_12","82","support-case","#support-case","0","0","build_12/BUILD_12_ARTIFACT_MANIFEST.md","build_12/BUILD_12_RENDER_PLAN.json","not_started","","",""
"build_12","83","diagnostic-consent","#diagnostic-consent","0","0","build_12/BUILD_12_ARTIFACT_MANIFEST.md","build_12/BUILD_12_RENDER_PLAN.json","not_started","","",""
"build_12","84","feedback-capture","#feedback-capture","0","0","build_12/BUILD_12_ARTIFACT_MANIFEST.md","build_12/BUILD_12_RENDER_PLAN.json","not_started","","",""
"build_12","85","release-candidate","#release-candidate","0","0","build_12/BUILD_12_ARTIFACT_MANIFEST.md","build_12/BUILD_12_RENDER_PLAN.json","not_started","","",""
"build_12","86","release-scorecard","#release-scorecard","0","0","build_12/BUILD_12_ARTIFACT_MANIFEST.md","build_12/BUILD_12_RENDER_PLAN.json","not_started","","",""
"build_12","87","functional-gates","#functional-gates","0","0","build_12/BUILD_12_ARTIFACT_MANIFEST.md","build_12/BUILD_12_RENDER_PLAN.json","not_started","","",""
"build_12","88","security-gates","#security-gates","0","0","build_12/BUILD_12_ARTIFACT_MANIFEST.md","build_12/BUILD_12_RENDER_PLAN.json","not_started","","",""
"build_12","89","performance-gates","#performance-gates","0","0","build_12/BUILD_12_ARTIFACT_MANIFEST.md","build_12/BUILD_12_RENDER_PLAN.json","not_started","","",""
"build_12","90","accessibility-gates","#accessibility-gates","0","0","build_12/BUILD_12_ARTIFACT_MANIFEST.md","build_12/BUILD_12_RENDER_PLAN.json","not_started","","",""
"build_12","91","data-gates","#data-gates","0","0","build_12/BUILD_12_ARTIFACT_MANIFEST.md","build_12/BUILD_12_RENDER_PLAN.json","not_started","","",""
"build_12","92","promotion-request","#promotion-request","0","0","build_12/BUILD_12_ARTIFACT_MANIFEST.md","build_12/BUILD_12_RENDER_PLAN.json","not_started","","",""
"build_12","93","drift-check","#drift-check","0","0","build_12/BUILD_12_ARTIFACT_MANIFEST.md","build_12/BUILD_12_RENDER_PLAN.json","not_started","","",""
"build_12","94","feature-flags","#feature-flags","0","0","build_12/BUILD_12_ARTIFACT_MANIFEST.md","build_12/BUILD_12_RENDER_PLAN.json","not_started","","",""
"build_12","95","cohort-rollout","#cohort-rollout","0","0","build_12/BUILD_12_ARTIFACT_MANIFEST.md","build_12/BUILD_12_RENDER_PLAN.json","not_started","","",""
"build_12","96","canary-health","#canary-health","0","0","build_12/BUILD_12_ARTIFACT_MANIFEST.md","build_12/BUILD_12_RENDER_PLAN.json","not_started","","",""
"build_12","97","kill-switch","#kill-switch","0","0","build_12/BUILD_12_ARTIFACT_MANIFEST.md","build_12/BUILD_12_RENDER_PLAN.json","not_started","","",""
"build_12","98","migration-rehearsal","#migration-rehearsal","0","0","build_12/BUILD_12_ARTIFACT_MANIFEST.md","build_12/BUILD_12_RENDER_PLAN.json","not_started","","",""
"build_12","99","reconciliation-report","#reconciliation-report","0","0","build_12/BUILD_12_ARTIFACT_MANIFEST.md","build_12/BUILD_12_RENDER_PLAN.json","not_started","","",""
"build_12","100","cutover-plan","#cutover-plan","0","0","build_12/BUILD_12_ARTIFACT_MANIFEST.md","build_12/BUILD_12_RENDER_PLAN.json","not_started","","",""
"build_12","101","rollback-plan","#rollback-plan","0","0","build_12/BUILD_12_ARTIFACT_MANIFEST.md","build_12/BUILD_12_RENDER_PLAN.json","not_started","","",""
"build_12","102","operational-review","#operational-review","0","0","build_12/BUILD_12_ARTIFACT_MANIFEST.md","build_12/BUILD_12_RENDER_PLAN.json","not_started","","",""
"build_12","103","capacity-review","#capacity-review","0","0","build_12/BUILD_12_ARTIFACT_MANIFEST.md","build_12/BUILD_12_RENDER_PLAN.json","not_started","","",""
"build_12","104","runbook-review","#runbook-review","0","0","build_12/BUILD_12_ARTIFACT_MANIFEST.md","build_12/BUILD_12_RENDER_PLAN.json","not_started","","",""
"build_12","105","recovery-exercise","#recovery-exercise","0","0","build_12/BUILD_12_ARTIFACT_MANIFEST.md","build_12/BUILD_12_RENDER_PLAN.json","not_started","","",""
"build_12","106","go-live-room","#go-live-room","0","0","build_12/BUILD_12_ARTIFACT_MANIFEST.md","build_12/BUILD_12_RENDER_PLAN.json","not_started","","",""
"build_12","107","launch-decision","#launch-decision","0","0","build_12/BUILD_12_ARTIFACT_MANIFEST.md","build_12/BUILD_12_RENDER_PLAN.json","not_started","","",""
"build_12","108","hypercare","#hypercare","0","0","build_12/BUILD_12_ARTIFACT_MANIFEST.md","build_12/BUILD_12_RENDER_PLAN.json","not_started","","",""
"build_12","109","stabilization","#stabilization","0","0","build_12/BUILD_12_ARTIFACT_MANIFEST.md","build_12/BUILD_12_RENDER_PLAN.json","not_started","","",""
"build_12","110","empty-state","#empty-state","0","0","build_12/BUILD_12_ARTIFACT_MANIFEST.md","build_12/BUILD_12_RENDER_PLAN.json","not_started","","",""
"build_12","111","validation-errors","#validation-errors","0","0","build_12/BUILD_12_ARTIFACT_MANIFEST.md","build_12/BUILD_12_RENDER_PLAN.json","not_started","","",""
"build_12","112","unauthorized-state","#unauthorized-state","0","0","build_12/BUILD_12_ARTIFACT_MANIFEST.md","build_12/BUILD_12_RENDER_PLAN.json","not_started","","",""
"build_12","113","offline-state","#offline-state","0","0","build_12/BUILD_12_ARTIFACT_MANIFEST.md","build_12/BUILD_12_RENDER_PLAN.json","not_started","","",""
"build_12","114","degraded-state","#degraded-state","0","0","build_12/BUILD_12_ARTIFACT_MANIFEST.md","build_12/BUILD_12_RENDER_PLAN.json","not_started","","",""
"build_12","115","architecture","#architecture","0","0","build_12/BUILD_12_ARTIFACT_MANIFEST.md","build_12/BUILD_12_RENDER_PLAN.json","not_started","","",""
"build_12","116","wireframes","#wireframes","0","0","build_12/BUILD_12_ARTIFACT_MANIFEST.md","build_12/BUILD_12_RENDER_PLAN.json","not_started","","",""
"build_12","117","iconography","#iconography","0","0","build_12/BUILD_12_ARTIFACT_MANIFEST.md","build_12/BUILD_12_RENDER_PLAN.json","not_started","","",""
"build_12","118","release-handoff","#release-handoff","0","0","build_12/BUILD_12_ARTIFACT_MANIFEST.md","build_12/BUILD_12_RENDER_PLAN.json","not_started","","",""
"build_12","119","experience-state-119","#experience-state-119","0","0","build_12/BUILD_12_ARTIFACT_MANIFEST.md","build_12/BUILD_12_RENDER_PLAN.json","not_started","","",""
"build_12","120","experience-state-120","#experience-state-120","0","0","build_12/BUILD_12_ARTIFACT_MANIFEST.md","build_12/BUILD_12_RENDER_PLAN.json","not_started","","",""
"build_12","121","experience-state-121","#experience-state-121","0","0","build_12/BUILD_12_ARTIFACT_MANIFEST.md","build_12/BUILD_12_RENDER_PLAN.json","not_started","","",""
"build_12","122","experience-state-122","#experience-state-122","0","0","build_12/BUILD_12_ARTIFACT_MANIFEST.md","build_12/BUILD_12_RENDER_PLAN.json","not_started","","",""
"build_12","123","experience-state-123","#experience-state-123","0","0","build_12/BUILD_12_ARTIFACT_MANIFEST.md","build_12/BUILD_12_RENDER_PLAN.json","not_started","","",""
"build_12","124","experience-state-124","#experience-state-124","0","0","build_12/BUILD_12_ARTIFACT_MANIFEST.md","build_12/BUILD_12_RENDER_PLAN.json","not_started","","",""
"build_12","125","experience-state-125","#experience-state-125","0","0","build_12/BUILD_12_ARTIFACT_MANIFEST.md","build_12/BUILD_12_RENDER_PLAN.json","not_started","","",""
"build_12","126","experience-state-126","#experience-state-126","0","0","build_12/BUILD_12_ARTIFACT_MANIFEST.md","build_12/BUILD_12_RENDER_PLAN.json","not_started","","",""
"build_12","127","experience-state-127","#experience-state-127","0","0","build_12/BUILD_12_ARTIFACT_MANIFEST.md","build_12/BUILD_12_RENDER_PLAN.json","not_started","","",""
"build_12","128","experience-state-128","#experience-state-128","0","0","build_12/BUILD_12_ARTIFACT_MANIFEST.md","build_12/BUILD_12_RENDER_PLAN.json","not_started","","",""
"build_12","129","experience-state-129","#experience-state-129","0","0","build_12/BUILD_12_ARTIFACT_MANIFEST.md","build_12/BUILD_12_RENDER_PLAN.json","not_started","","",""
"build_12","130","experience-state-130","#experience-state-130","0","0","build_12/BUILD_12_ARTIFACT_MANIFEST.md","build_12/BUILD_12_RENDER_PLAN.json","not_started","","",""
"build_12","131","experience-state-131","#experience-state-131","0","0","build_12/BUILD_12_ARTIFACT_MANIFEST.md","build_12/BUILD_12_RENDER_PLAN.json","not_started","","",""
"build_12","132","experience-state-132","#experience-state-132","0","0","build_12/BUILD_12_ARTIFACT_MANIFEST.md","build_12/BUILD_12_RENDER_PLAN.json","not_started","","",""
"build_12","133","experience-state-133","#experience-state-133","0","0","build_12/BUILD_12_ARTIFACT_MANIFEST.md","build_12/BUILD_12_RENDER_PLAN.json","not_started","","",""
"build_12","134","experience-state-134","#experience-state-134","0","0","build_12/BUILD_12_ARTIFACT_MANIFEST.md","build_12/BUILD_12_RENDER_PLAN.json","not_started","","",""
"build_12","135","experience-state-135","#experience-state-135","0","0","build_12/BUILD_12_ARTIFACT_MANIFEST.md","build_12/BUILD_12_RENDER_PLAN.json","not_started","","",""
"build_12","136","experience-state-136","#experience-state-136","0","0","build_12/BUILD_12_ARTIFACT_MANIFEST.md","build_12/BUILD_12_RENDER_PLAN.json","not_started","","",""
"build_12","137","experience-state-137","#experience-state-137","0","0","build_12/BUILD_12_ARTIFACT_MANIFEST.md","build_12/BUILD_12_RENDER_PLAN.json","not_started","","",""
"build_12","138","experience-state-138","#experience-state-138","0","0","build_12/BUILD_12_ARTIFACT_MANIFEST.md","build_12/BUILD_12_RENDER_PLAN.json","not_started","","",""
"build_12","139","experience-state-139","#experience-state-139","0","0","build_12/BUILD_12_ARTIFACT_MANIFEST.md","build_12/BUILD_12_RENDER_PLAN.json","not_started","","",""
"build_12","140","experience-state-140","#experience-state-140","0","0","build_12/BUILD_12_ARTIFACT_MANIFEST.md","build_12/BUILD_12_RENDER_PLAN.json","not_started","","",""
